{
  "variants": {
    "facing=down,short=false,type=normal": {
      "model": "minecraft:block/light_gray_concrete",
      "x": 90
    },
    "facing=down,short=false,type=sticky": {
      "model": "minecraft:block/light_gray_concrete",
      "x": 90
    },
    "facing=down,short=true,type=normal": {
      "model": "minecraft:block/light_gray_concrete",
      "x": 90
    },
    "facing=down,short=true,type=sticky": {
      "model": "minecraft:block/light_gray_concrete",
      "x": 90
    },
    "facing=east,short=false,type=normal": {
      "model": "minecraft:block/light_gray_concrete",
      "y": 90
    },
    "facing=east,short=false,type=sticky": {
      "model": "minecraft:block/light_gray_concrete",
      "y": 90
    },
    "facing=east,short=true,type=normal": {
      "model": "minecraft:block/light_gray_concrete",
      "y": 90
    },
    "facing=east,short=true,type=sticky": {
      "model": "minecraft:block/light_gray_concrete",
      "y": 90
    },
    "facing=north,short=false,type=normal": {
      "model": "minecraft:block/light_gray_concrete"
    },
    "facing=north,short=false,type=sticky": {
      "model": "minecraft:block/light_gray_concrete"
    },
    "facing=north,short=true,type=normal": {
      "model": "minecraft:block/light_gray_concrete"
    },
    "facing=north,short=true,type=sticky": {
      "model": "minecraft:block/light_gray_concrete"
    },
    "facing=south,short=false,type=normal": {
      "model": "minecraft:block/light_gray_concrete",
      "y": 180
    },
    "facing=south,short=false,type=sticky": {
      "model": "minecraft:block/light_gray_concrete",
      "y": 180
    },
    "facing=south,short=true,type=normal": {
      "model": "minecraft:block/light_gray_concrete",
      "y": 180
    },
    "facing=south,short=true,type=sticky": {
      "model": "minecraft:block/light_gray_concrete",
      "y": 180
    },
    "facing=up,short=false,type=normal": {
      "model": "minecraft:block/light_gray_concrete",
      "x": 270
    },
    "facing=up,short=false,type=sticky": {
      "model": "minecraft:block/light_gray_concrete",
      "x": 270
    },
    "facing=up,short=true,type=normal": {
      "model": "minecraft:block/light_gray_concrete",
      "x": 270
    },
    "facing=up,short=true,type=sticky": {
      "model": "minecraft:block/light_gray_concrete",
      "x": 270
    },
    "facing=west,short=false,type=normal": {
      "model": "minecraft:block/light_gray_concrete",
      "y": 270
    },
    "facing=west,short=false,type=sticky": {
      "model": "minecraft:block/light_gray_concrete",
      "y": 270
    },
    "facing=west,short=true,type=normal": {
      "model": "minecraft:block/light_gray_concrete",
      "y": 270
    },
    "facing=west,short=true,type=sticky": {
      "model": "minecraft:block/light_gray_concrete",
      "y": 270
    }
  }
}