{
  "variants": {
    "extended=false,facing=down": {
      "model": "minecraft:block/light_gray_concrete",
      "x": 90
    },
    "extended=false,facing=east": {
      "model": "minecraft:block/light_gray_concrete",
      "y": 90
    },
    "extended=false,facing=north": {
      "model": "minecraft:block/light_gray_concrete"
    },
    "extended=false,facing=south": {
      "model": "minecraft:block/light_gray_concrete",
      "y": 180
    },
    "extended=false,facing=up": {
      "model": "minecraft:block/light_gray_concrete",
      "x": 270
    },
    "extended=false,facing=west": {
      "model": "minecraft:block/light_gray_concrete",
      "y": 270
    },
    "extended=true,facing=down": {
      "model": "minecraft:block/light_gray_concrete",
      "x": 90
    },
    "extended=true,facing=east": {
      "model": "minecraft:block/light_gray_concrete",
      "y": 90
    },
    "extended=true,facing=north": {
      "model": "minecraft:block/light_gray_concrete"
    },
    "extended=true,facing=south": {
      "model": "minecraft:block/light_gray_concrete",
      "y": 180
    },
    "extended=true,facing=up": {
      "model": "minecraft:block/light_gray_concrete",
      "x": 270
    },
    "extended=true,facing=west": {
      "model": "minecraft:block/light_gray_concrete",
      "y": 270
    }
  }
}