{
    "nuke": {
        "sounds": [
            "nuke"
        ]
    },
	"custom_music/ingame_1": {
        "sounds": [
            "custom_music/ingame_1"
        ]
    },
	"custom_music/ingame_2": {
        "sounds": [
            "custom_music/ingame_2"
        ]
    },
    "custom_music/ingame_3": {
        "sounds": [
            "custom_music/ingame_3"
        ]
    },
	"custom_music/ingame_4": {
        "sounds": [
            "custom_music/ingame_4"
        ]
    },
	"custom_music/ingame_5": {
        "sounds": [
            "custom_music/ingame_5"
        ]
    },
	"custom_music/ingame_6": {
        "sounds": [
            "custom_music/ingame_6"
        ]
    },
	"custom_music/ingame_7": {
        "sounds": [
            "custom_music/ingame_7"
        ]
    },
	"custom_music/ingame_8": {
        "sounds": [
            "custom_music/ingame_8"
        ]
    },
	"custom_music/ingame_9": {
        "sounds": [
            "custom_music/ingame_9"
        ]
    },
	"custom_music/ingame_10": {
        "sounds": [
            "custom_music/ingame_10"
        ]
    },
	"custom_music/lobby": {
        "sounds": [
            "custom_music/lobby"
        ]
    },
    "block.sand.break": {
		"replace":true,
		"sounds": [
		  "dig/cloth1",
		  "dig/cloth2",
		  "dig/cloth3",
		  "dig/cloth4"
		]
	},
    "block.sand.fall": {
		"replace":true,
		"sounds": [
		  "step/cloth1",
		  "step/cloth2",
		  "step/cloth3",
		  "step/cloth4"
		]
	},
    "block.sand.hit": {
		"replace":true,
		"sounds": [
		  "step/cloth1",
		  "step/cloth2",
		  "step/cloth3",
		  "step/cloth4"
		]
	},
    "block.sand.place": {
		"replace":true,
		"sounds": [
		  "dig/cloth1",
		  "dig/cloth2",
		  "dig/cloth3",
		  "dig/cloth4"
		]
	},
    "block.sand.step": {
		"replace":true,
		"sounds": [
		  "step/cloth1",
		  "step/cloth2",
		  "step/cloth3",
		  "step/cloth4"
		]
	},
    "item.armor.equip_generic": {
        "replace":true,
        "sounds": []
    },
    "item.armor.equip_iron": {
        "replace":true,
        "sounds": []
    },
    "item.armor.equip_chain": {
        "replace":true,
        "sounds": []
    },
    "item.armor.equip_diamond": {
        "replace":true,
        "sounds": []
    },
    "item.armor.equip_leather": {
        "replace":true,
        "sounds": []
    }
}