{
	"credit": "Made with Blockbench",
	"textures": {
		"0": "block/netherite_block",
		"1": "block/magma",
		"2": "block/red_concrete",
		"3": "item/carrot_on_a_stick",
		"particle": "block/netherite_block"
	},
	"elements": [
		{
			"from": [0.22183, -13.625, 0.22183],
			"to": [16.22183, 17.875, 16.22183],
			"shade": false,
			"rotation": {"angle": 0, "axis": "y", "origin": [0.22183, 1.875, 0.22183]},
			"faces": {
				"north": {"uv": [0, 0, 16, 16], "texture": "#0"},
				"east": {"uv": [0, 0, 16, 16], "texture": "#0"},
				"south": {"uv": [0, 0, 16, 16], "texture": "#0"},
				"west": {"uv": [0, 0, 16, 16], "texture": "#0"},
				"up": {"uv": [0, 0, 16, 16], "texture": "#0"},
				"down": {"uv": [0, 0, 16, 16], "texture": "#0"}
			}
		},
		{
			"from": [1.22183, 18.875, 1.22183],
			"to": [15.22183, 19.875, 15.22183],
			"shade": false,
			"rotation": {"angle": 0, "axis": "y", "origin": [0.22183, 1.875, 0.22183]},
			"faces": {
				"north": {"uv": [0, 0, 14, 1], "texture": "#2"},
				"east": {"uv": [0, 0, 14, 1], "texture": "#2"},
				"south": {"uv": [0, 0, 14, 1], "texture": "#2"},
				"west": {"uv": [0, 0, 14, 1], "texture": "#2"},
				"up": {"uv": [0, 0, 14, 14], "texture": "#2"},
				"down": {"uv": [0, 0, 14, 14], "texture": "#2"}
			}
		},
		{
			"from": [0.22183, 17.875, 0.22183],
			"to": [16.22183, 18.875, 16.22183],
			"shade": false,
			"rotation": {"angle": 0, "axis": "y", "origin": [0.22183, 1.875, 0.22183]},
			"faces": {
				"north": {"uv": [0, 0, 16, 1], "texture": "#2"},
				"east": {"uv": [0, 0, 16, 1], "texture": "#2"},
				"south": {"uv": [0, 0, 16, 1], "texture": "#2"},
				"west": {"uv": [0, 0, 16, 1], "texture": "#2"},
				"up": {"uv": [0, 0, 16, 16], "texture": "#2"},
				"down": {"uv": [0, 0, 16, 16], "texture": "#2"}
			}
		},
		{
			"from": [2.22183, 19.875, 2.22183],
			"to": [14.22183, 20.875, 14.22183],
			"shade": false,
			"rotation": {"angle": 0, "axis": "y", "origin": [0.22183, 1.875, 0.22183]},
			"faces": {
				"north": {"uv": [0, 0, 12, 1], "texture": "#2"},
				"east": {"uv": [0, 0, 12, 1], "texture": "#2"},
				"south": {"uv": [0, 0, 12, 1], "texture": "#2"},
				"west": {"uv": [0, 0, 12, 1], "texture": "#2"},
				"up": {"uv": [0, 0, 12, 12], "texture": "#2"},
				"down": {"uv": [0, 0, 12, 12], "texture": "#2"}
			}
		},
		{
			"from": [3.22183, 20.875, 3.22183],
			"to": [13.22183, 21.875, 13.22183],
			"shade": false,
			"rotation": {"angle": 0, "axis": "y", "origin": [0.22183, 1.875, 0.22183]},
			"faces": {
				"north": {"uv": [0, 0, 10, 1], "texture": "#2"},
				"east": {"uv": [0, 0, 10, 1], "texture": "#2"},
				"south": {"uv": [0, 0, 10, 1], "texture": "#2"},
				"west": {"uv": [0, 0, 10, 1], "texture": "#2"},
				"up": {"uv": [0, 0, 10, 10], "texture": "#2"},
				"down": {"uv": [0, 0, 10, 10], "texture": "#2"}
			}
		},
		{
			"from": [4.22183, 21.875, 4.22183],
			"to": [12.22183, 22.875, 12.22183],
			"shade": false,
			"rotation": {"angle": 0, "axis": "y", "origin": [0.22183, 1.875, 0.22183]},
			"faces": {
				"north": {"uv": [0, 0, 8, 1], "texture": "#2"},
				"east": {"uv": [0, 0, 8, 1], "texture": "#2"},
				"south": {"uv": [0, 0, 8, 1], "texture": "#2"},
				"west": {"uv": [0, 0, 8, 1], "texture": "#2"},
				"up": {"uv": [0, 0, 8, 8], "texture": "#2"},
				"down": {"uv": [0, 0, 8, 8], "texture": "#2"}
			}
		},
		{
			"from": [5.22183, 22.875, 5.22183],
			"to": [11.22183, 23.875, 11.22183],
			"shade": false,
			"rotation": {"angle": 0, "axis": "y", "origin": [0.22183, 1.875, 0.22183]},
			"faces": {
				"north": {"uv": [0, 0, 6, 1], "texture": "#2"},
				"east": {"uv": [0, 0, 6, 1], "texture": "#2"},
				"south": {"uv": [0, 0, 6, 1], "texture": "#2"},
				"west": {"uv": [0, 0, 6, 1], "texture": "#2"},
				"up": {"uv": [0, 0, 6, 6], "texture": "#2"},
				"down": {"uv": [0, 0, 6, 6], "texture": "#2"}
			}
		},
		{
			"from": [6.22183, 23.875, 6.22183],
			"to": [10.22183, 24.875, 10.22183],
			"shade": false,
			"rotation": {"angle": 0, "axis": "y", "origin": [0.22183, 1.875, 0.22183]},
			"faces": {
				"north": {"uv": [0, 0, 4, 1], "texture": "#2"},
				"east": {"uv": [0, 0, 4, 1], "texture": "#2"},
				"south": {"uv": [0, 0, 4, 1], "texture": "#2"},
				"west": {"uv": [0, 0, 4, 1], "texture": "#2"},
				"up": {"uv": [0, 0, 4, 4], "texture": "#2"},
				"down": {"uv": [0, 0, 4, 4], "texture": "#2"}
			}
		},
		{
			"from": [7.22183, 24.875, 7.22183],
			"to": [9.22183, 25.875, 9.22183],
			"shade": false,
			"rotation": {"angle": 0, "axis": "y", "origin": [0.22183, 1.875, 0.22183]},
			"faces": {
				"north": {"uv": [0, 0, 2, 1], "texture": "#2"},
				"east": {"uv": [0, 0, 2, 1], "texture": "#2"},
				"south": {"uv": [0, 0, 2, 1], "texture": "#2"},
				"west": {"uv": [0, 0, 2, 1], "texture": "#2"},
				"up": {"uv": [0, 0, 2, 2], "texture": "#2"},
				"down": {"uv": [0, 0, 2, 2], "texture": "#2"}
			}
		},
		{
			"from": [7.72183, 25.875, 7.72183],
			"to": [8.72183, 32, 8.72183],
			"shade": false,
			"rotation": {"angle": 0, "axis": "y", "origin": [0.22183, 1.875, 0.22183]},
			"faces": {
				"north": {"uv": [0, 0, 1, 8], "texture": "#2"},
				"east": {"uv": [0, 0, 1, 8], "texture": "#2"},
				"south": {"uv": [0, 0, 1, 8], "texture": "#2"},
				"west": {"uv": [0, 0, 1, 8], "texture": "#2"},
				"up": {"uv": [0, 0, 1, 1], "texture": "#2"},
				"down": {"uv": [0, 0, 1, 1], "texture": "#2"}
			}
		},
		{
			"from": [14.22183, 3.125, 7.72183],
			"to": [27.22183, 8.875, 8.72183],
			"shade": false,
			"rotation": {"angle": -45, "axis": "z", "origin": [0.22183, 1.875, 0.22183]},
			"faces": {
				"north": {"uv": [0, 0, 13, 5.75], "texture": "#2"},
				"east": {"uv": [0, 0, 1, 5.75], "texture": "#2"},
				"south": {"uv": [0, 0, 13, 5.75], "texture": "#2"},
				"west": {"uv": [0, 0, 1, 5.75], "texture": "#2"},
				"up": {"uv": [0, 0, 13, 1], "texture": "#2"},
				"down": {"uv": [0, 0, 13, 1], "texture": "#2"}
			}
		},
		{
			"from": [7.72183, 3.125, 14.22183],
			"to": [8.72183, 8.875, 27.22183],
			"shade": false,
			"rotation": {"angle": 45, "axis": "x", "origin": [0.22183, 1.875, 0.22183]},
			"faces": {
				"north": {"uv": [0, 0, 1, 5.75], "texture": "#2"},
				"east": {"uv": [0, 0, 13, 5.75], "texture": "#2"},
				"south": {"uv": [0, 0, 1, 5.75], "texture": "#2"},
				"west": {"uv": [0, 0, 13, 5.75], "texture": "#2"},
				"up": {"uv": [0, 0, 13, 1], "rotation": 90, "texture": "#2"},
				"down": {"uv": [0, 0, 13, 1], "rotation": 270, "texture": "#2"}
			}
		},
		{
			"from": [7.72183, -7.875, -15.77817],
			"to": [8.72183, -2.125, -2.77817],
			"shade": false,
			"rotation": {"angle": -45, "axis": "x", "origin": [0.22183, 1.875, 0.22183]},
			"faces": {
				"north": {"uv": [0, 0, 1, 5.75], "texture": "#2"},
				"east": {"uv": [0, 0, 13, 5.75], "texture": "#2"},
				"south": {"uv": [0, 0, 1, 5.75], "texture": "#2"},
				"west": {"uv": [0, 0, 13, 5.75], "texture": "#2"},
				"up": {"uv": [0, 0, 13, 1], "rotation": 90, "texture": "#2"},
				"down": {"uv": [0, 0, 13, 1], "rotation": 270, "texture": "#2"}
			}
		},
		{
			"from": [14.22183, 3.125, 7.72183],
			"to": [27.22183, 8.875, 8.72183],
			"shade": false,
			"rotation": {"angle": -45, "axis": "z", "origin": [0.22183, 1.875, 0.22183]},
			"faces": {
				"north": {"uv": [0, 0, 13, 5.75], "texture": "#2"},
				"east": {"uv": [0, 0, 1, 5.75], "texture": "#2"},
				"south": {"uv": [0, 0, 13, 5.75], "texture": "#2"},
				"west": {"uv": [0, 0, 1, 5.75], "texture": "#2"},
				"up": {"uv": [0, 0, 13, 1], "texture": "#2"},
				"down": {"uv": [0, 0, 13, 1], "texture": "#2"}
			}
		},
		{
			"from": [-15.77817, -7.875, 7.72183],
			"to": [-2.77817, -2.125, 8.72183],
			"shade": false,
			"rotation": {"angle": 45, "axis": "z", "origin": [0.22183, 1.875, 0.22183]},
			"faces": {
				"north": {"uv": [0, 0, 13, 5.75], "texture": "#2"},
				"east": {"uv": [0, 0, 1, 5.75], "texture": "#2"},
				"south": {"uv": [0, 0, 13, 5.75], "texture": "#2"},
				"west": {"uv": [0, 0, 1, 5.75], "texture": "#2"},
				"up": {"uv": [0, 0, 13, 1], "texture": "#2"},
				"down": {"uv": [0, 0, 13, 1], "texture": "#2"}
			}
		},
		{
			"from": [4.22183, -14.125, 4.22183],
			"to": [12.22183, -13.625, 12.22183],
			"shade": false,
			"rotation": {"angle": 0, "axis": "y", "origin": [0.22183, 1.875, 0.22183]},
			"faces": {
				"north": {"uv": [0, 0, 8, 0.5], "texture": "#0"},
				"east": {"uv": [0, 0, 8, 0.5], "texture": "#0"},
				"south": {"uv": [0, 0, 8, 0.5], "texture": "#0"},
				"west": {"uv": [0, 0, 8, 0.5], "texture": "#0"},
				"up": {"uv": [0, 0, 8, 8], "texture": "#0"},
				"down": {"uv": [0, 0, 16, 16], "texture": "#1"}
			}
		},
		{
			"from": [16.2229, 3.875, 4.22183],
			"to": [16.2229, 11.875, 12.22183],
			"shade": false,
			"rotation": {"angle": 0, "axis": "y", "origin": [0.22183, 1.875, 0.22183]},
			"faces": {
				"north": {"uv": [0, 0, 0, 8], "texture": "#3"},
				"east": {"uv": [0, 0, 16, 16], "texture": "#3"},
				"south": {"uv": [0, 0, 0, 8], "texture": "#3"},
				"west": {"uv": [0, 0, 16, 16], "texture": "#3"},
				"up": {"uv": [0, 0, 0, 8], "texture": "#3"},
				"down": {"uv": [0, 0, 0, 8], "texture": "#3"}
			}
		},
		{
			"from": [0.1218, 3.875, 4.22183],
			"to": [0.1218, 11.875, 12.22183],
			"shade": false,
			"rotation": {"angle": 0, "axis": "y", "origin": [0.22183, 1.875, 0.22183]},
			"faces": {
				"north": {"uv": [0, 0, 0, 8], "texture": "#3"},
				"east": {"uv": [0, 0, 16, 16], "texture": "#3"},
				"south": {"uv": [0, 0, 0, 8], "texture": "#3"},
				"west": {"uv": [0, 0, 16, 16], "texture": "#3"},
				"up": {"uv": [0, 0, 0, 8], "texture": "#3"},
				"down": {"uv": [0, 0, 0, 8], "texture": "#3"}
			}
		},
		{
			"from": [4.22183, 3.875, 0.1218],
			"to": [12.22183, 11.875, 0.1218],
			"shade": false,
			"rotation": {"angle": 0, "axis": "y", "origin": [0.22183, 1.875, 0.22183]},
			"faces": {
				"north": {"uv": [0, 0, 16, 16], "texture": "#3"},
				"east": {"uv": [0, 0, 0, 8], "texture": "#3"},
				"south": {"uv": [0, 0, 16, 16], "texture": "#3"},
				"west": {"uv": [0, 0, 0, 8], "texture": "#3"},
				"up": {"uv": [0, 0, 0, 8], "rotation": 90, "texture": "#3"},
				"down": {"uv": [0, 0, 0, 8], "rotation": 270, "texture": "#3"}
			}
		},
		{
			"from": [4.22183, 3.875, 16.2229],
			"to": [12.22183, 11.875, 16.2229],
			"shade": false,
			"rotation": {"angle": 0, "axis": "y", "origin": [0.22183, 1.875, 0.22183]},
			"faces": {
				"north": {"uv": [0, 0, 16, 16], "texture": "#3"},
				"east": {"uv": [0, 0, 0, 8], "texture": "#3"},
				"south": {"uv": [0, 0, 16, 16], "texture": "#3"},
				"west": {"uv": [0, 0, 0, 8], "texture": "#3"},
				"up": {"uv": [0, 0, 0, 8], "rotation": 90, "texture": "#3"},
				"down": {"uv": [0, 0, 0, 8], "rotation": 270, "texture": "#3"}
			}
		}
	],
	"display": {
		"thirdperson_righthand": {
			"translation": [0, 8.25, 0],
			"scale": [0.5, 0.5, 0.5]
		},
		"thirdperson_lefthand": {
			"translation": [0, 8.25, 0],
			"scale": [0.5, 0.5, 0.5]
		},
		"firstperson_righthand": {
			"translation": [0, 4, 0],
			"scale": [0.5, 0.5, 0.5]
		},
		"firstperson_lefthand": {
			"translation": [0, 4, 0],
			"scale": [0.5, 0.5, 0.5]
		},
		"ground": {
			"translation": [0, 10.75, 0],
			"scale": [0.5, 0.5, 0.5]
		},
		"gui": {
			"rotation": [0, 45, 0],
			"translation": [0, 1.75, 0],
			"scale": [0.5, 0.4, 0.5]
		},
		"head": {
			"translation": [0, 45.25, 0],
			"scale": [4, 4, 4]
		}
	}
}