{
	"credit": "Made with Blockbench",
	"textures": {
		"0": "block/deepslate_bricks",
		"1": "block/stone_bricks",
		"2": "block/ladder",
		"3": "block/andesite",
		"4": "block/spruce_planks",
		"5": "block/spruce_trapdoor"
	},
	"elements": [
		{
			"from": [1.01095, 1.71724, 1.04138],
			"to": [3.01095, 3.71724, 3.04138],
			"rotation": {"angle": 0, "axis": "y", "origin": [-0.98905, 1.71724, -0.95862]},
			"faces": {
				"north": {"uv": [0, 0, 16, 16], "texture": "#0"},
				"west": {"uv": [0, 0, 16, 16], "texture": "#0"},
				"up": {"uv": [0, 0, 16, 16], "texture": "#0"},
				"down": {"uv": [0, 0, 16, 16], "texture": "#0"}
			}
		},
		{
			"from": [1.01095, 1.71724, 3.04138],
			"to": [3.01095, 3.71724, 5.04138],
			"rotation": {"angle": 0, "axis": "y", "origin": [-0.98905, 1.71724, -0.95862]},
			"faces": {
				"north": {"uv": [0, 0, 16, 16], "texture": "#1"},
				"east": {"uv": [0, 0, 16, 16], "texture": "#1"},
				"west": {"uv": [0, 0, 16, 16], "texture": "#1"},
				"down": {"uv": [0, 0, 16, 16], "texture": "#1"}
			}
		},
		{
			"from": [1.01095, 1.71724, 5.04138],
			"to": [3.01095, 3.71724, 7.04138],
			"rotation": {"angle": 0, "axis": "y", "origin": [-0.98905, 1.71724, -0.95862]},
			"faces": {
				"east": {"uv": [0, 0, 16, 16], "texture": "#1"},
				"west": {"uv": [0, 0, 16, 16], "texture": "#1"},
				"up": {"uv": [0, 0, 16, 16], "texture": "#1"},
				"down": {"uv": [0, 0, 16, 16], "texture": "#1"}
			}
		},
		{
			"from": [1.01095, 1.71724, 7.04138],
			"to": [3.01095, 3.71724, 9.04138],
			"rotation": {"angle": 0, "axis": "y", "origin": [-0.98905, 1.71724, -0.95862]},
			"faces": {
				"east": {"uv": [0, 0, 16, 16], "texture": "#1"},
				"west": {"uv": [0, 0, 16, 16], "texture": "#1"},
				"up": {"uv": [0, 0, 16, 16], "texture": "#1"},
				"down": {"uv": [0, 0, 16, 16], "texture": "#1"}
			}
		},
		{
			"from": [1.01095, 1.71724, 9.04138],
			"to": [3.01095, 3.71724, 11.04138],
			"rotation": {"angle": 0, "axis": "y", "origin": [-0.98905, 1.71724, -0.95862]},
			"faces": {
				"east": {"uv": [0, 0, 16, 16], "texture": "#1"},
				"west": {"uv": [0, 0, 16, 16], "texture": "#1"},
				"up": {"uv": [0, 0, 16, 16], "texture": "#1"},
				"down": {"uv": [0, 0, 16, 16], "texture": "#1"}
			}
		},
		{
			"from": [1.01095, 1.71724, 11.04138],
			"to": [3.01095, 3.71724, 13.04138],
			"rotation": {"angle": 0, "axis": "y", "origin": [-0.98905, 1.71724, -0.95862]},
			"faces": {
				"east": {"uv": [0, 0, 16, 16], "texture": "#1"},
				"south": {"uv": [0, 0, 16, 16], "texture": "#1"},
				"west": {"uv": [0, 0, 16, 16], "texture": "#1"},
				"down": {"uv": [0, 0, 16, 16], "texture": "#1"}
			}
		},
		{
			"from": [1.01095, 1.71724, 13.04138],
			"to": [3.01095, 3.71724, 15.04138],
			"rotation": {"angle": 0, "axis": "y", "origin": [-0.98905, 1.71724, -0.95862]},
			"faces": {
				"south": {"uv": [0, 0, 16, 16], "texture": "#0"},
				"west": {"uv": [0, 0, 16, 16], "texture": "#0"},
				"up": {"uv": [0, 0, 16, 16], "texture": "#0"},
				"down": {"uv": [0, 0, 16, 16], "texture": "#0"}
			}
		},
		{
			"from": [3.01095, 1.71724, 1.04138],
			"to": [5.01095, 3.71724, 3.04138],
			"rotation": {"angle": 0, "axis": "y", "origin": [-0.98905, 1.71724, -0.95862]},
			"faces": {
				"north": {"uv": [0, 0, 16, 16], "texture": "#1"},
				"south": {"uv": [0, 0, 16, 16], "texture": "#1"},
				"west": {"uv": [0, 0, 16, 16], "texture": "#1"},
				"down": {"uv": [0, 0, 16, 16], "texture": "#1"}
			}
		},
		{
			"from": [3.01095, 1.71724, 13.04138],
			"to": [5.01095, 3.71724, 15.04138],
			"rotation": {"angle": 0, "axis": "y", "origin": [-0.98905, 1.71724, -0.95862]},
			"faces": {
				"north": {"uv": [0, 0, 16, 16], "texture": "#1"},
				"east": {"uv": [0, 0, 16, 16], "texture": "#1"},
				"south": {"uv": [0, 0, 16, 16], "texture": "#1"},
				"west": {"uv": [0, 0, 16, 16], "texture": "#1"},
				"down": {"uv": [0, 0, 16, 16], "texture": "#1"}
			}
		},
		{
			"from": [5.01095, 1.71724, 1.04138],
			"to": [7.01095, 3.71724, 3.04138],
			"rotation": {"angle": 0, "axis": "y", "origin": [-0.98905, 1.71724, -0.95862]},
			"faces": {
				"north": {"uv": [0, 0, 16, 16], "texture": "#1"},
				"south": {"uv": [0, 0, 16, 16], "texture": "#1"},
				"up": {"uv": [0, 0, 16, 16], "texture": "#1"},
				"down": {"uv": [0, 0, 16, 16], "texture": "#1"}
			}
		},
		{
			"from": [7.01095, 1.71724, 1.04138],
			"to": [9.01095, 3.71724, 3.04138],
			"rotation": {"angle": 0, "axis": "y", "origin": [-0.98905, 1.71724, -0.95862]},
			"faces": {
				"north": {"uv": [0, 0, 16, 16], "texture": "#1"},
				"south": {"uv": [0, 0, 16, 16], "texture": "#1"},
				"up": {"uv": [0, 0, 16, 16], "texture": "#1"},
				"down": {"uv": [0, 0, 16, 16], "texture": "#1"}
			}
		},
		{
			"from": [9.01095, 1.71724, 1.04138],
			"to": [11.01095, 3.71724, 3.04138],
			"rotation": {"angle": 0, "axis": "y", "origin": [-0.98905, 1.71724, -0.95862]},
			"faces": {
				"north": {"uv": [0, 0, 16, 16], "texture": "#1"},
				"south": {"uv": [0, 0, 16, 16], "texture": "#1"},
				"up": {"uv": [0, 0, 16, 16], "texture": "#1"},
				"down": {"uv": [0, 0, 16, 16], "texture": "#1"}
			}
		},
		{
			"from": [11.01095, 1.71724, 1.04138],
			"to": [13.01095, 3.71724, 3.04138],
			"rotation": {"angle": 0, "axis": "y", "origin": [-0.98905, 1.71724, -0.95862]},
			"faces": {
				"north": {"uv": [0, 0, 16, 16], "texture": "#1"},
				"east": {"uv": [0, 0, 16, 16], "texture": "#1"},
				"south": {"uv": [0, 0, 16, 16], "texture": "#1"},
				"down": {"uv": [0, 0, 16, 16], "texture": "#1"}
			}
		},
		{
			"from": [11.01095, 1.71724, 13.04138],
			"to": [13.01095, 3.71724, 15.04138],
			"rotation": {"angle": 0, "axis": "y", "origin": [-0.98905, 1.71724, -0.95862]},
			"faces": {
				"north": {"uv": [0, 0, 16, 16], "texture": "#1"},
				"east": {"uv": [0, 0, 16, 16], "texture": "#1"},
				"south": {"uv": [0, 0, 16, 16], "texture": "#1"},
				"west": {"uv": [0, 0, 16, 16], "texture": "#1"},
				"down": {"uv": [0, 0, 16, 16], "texture": "#1"}
			}
		},
		{
			"from": [13.01095, 1.71724, 1.04138],
			"to": [15.01095, 3.71724, 3.04138],
			"rotation": {"angle": 0, "axis": "y", "origin": [-0.98905, 1.71724, -0.95862]},
			"faces": {
				"north": {"uv": [0, 0, 16, 16], "texture": "#0"},
				"east": {"uv": [0, 0, 16, 16], "texture": "#0"},
				"up": {"uv": [0, 0, 16, 16], "texture": "#0"},
				"down": {"uv": [0, 0, 16, 16], "texture": "#0"}
			}
		},
		{
			"from": [13.01095, 1.71724, 3.04138],
			"to": [15.01095, 3.71724, 5.04138],
			"rotation": {"angle": 0, "axis": "y", "origin": [-0.98905, 1.71724, -0.95862]},
			"faces": {
				"north": {"uv": [0, 0, 16, 16], "texture": "#1"},
				"east": {"uv": [0, 0, 16, 16], "texture": "#1"},
				"south": {"uv": [0, 0, 16, 16], "texture": "#1"},
				"west": {"uv": [0, 0, 16, 16], "texture": "#1"},
				"down": {"uv": [0, 0, 16, 16], "texture": "#1"}
			}
		},
		{
			"from": [13.01095, 1.71724, 11.04138],
			"to": [15.01095, 3.71724, 13.04138],
			"rotation": {"angle": 0, "axis": "y", "origin": [-0.98905, 1.71724, -0.95862]},
			"faces": {
				"north": {"uv": [0, 0, 16, 16], "texture": "#1"},
				"east": {"uv": [0, 0, 16, 16], "texture": "#1"},
				"south": {"uv": [0, 0, 16, 16], "texture": "#1"},
				"west": {"uv": [0, 0, 16, 16], "texture": "#1"},
				"down": {"uv": [0, 0, 16, 16], "texture": "#1"}
			}
		},
		{
			"from": [13.01095, 1.71724, 13.04138],
			"to": [15.01095, 3.71724, 15.04138],
			"rotation": {"angle": 0, "axis": "y", "origin": [-0.98905, 1.71724, -0.95862]},
			"faces": {
				"east": {"uv": [0, 0, 16, 16], "texture": "#0"},
				"south": {"uv": [0, 0, 16, 16], "texture": "#0"},
				"up": {"uv": [0, 0, 16, 16], "texture": "#0"},
				"down": {"uv": [0, 0, 16, 16], "texture": "#0"}
			}
		},
		{
			"from": [1.01095, 3.71724, 1.04138],
			"to": [3.01095, 5.71724, 3.04138],
			"rotation": {"angle": 0, "axis": "y", "origin": [-0.98905, 1.71724, -0.95862]},
			"faces": {
				"north": {"uv": [0, 0, 16, 16], "texture": "#0"},
				"west": {"uv": [0, 0, 16, 16], "texture": "#0"},
				"up": {"uv": [0, 0, 16, 16], "texture": "#0"},
				"down": {"uv": [0, 0, 16, 16], "texture": "#0"}
			}
		},
		{
			"from": [1.01095, 3.71724, 3.04138],
			"to": [3.01095, 5.71724, 5.04138],
			"rotation": {"angle": 0, "axis": "y", "origin": [-0.98905, 1.71724, -0.95862]},
			"faces": {
				"north": {"uv": [0, 0, 16, 16], "texture": "#1"},
				"east": {"uv": [0, 0, 16, 16], "texture": "#1"},
				"south": {"uv": [0, 0, 16, 16], "texture": "#1"},
				"west": {"uv": [0, 0, 16, 16], "texture": "#1"}
			}
		},
		{
			"from": [1.01095, 3.71724, 11.04138],
			"to": [3.01095, 5.71724, 13.04138],
			"rotation": {"angle": 0, "axis": "y", "origin": [-0.98905, 1.71724, -0.95862]},
			"faces": {
				"north": {"uv": [0, 0, 16, 16], "texture": "#1"},
				"east": {"uv": [0, 0, 16, 16], "texture": "#1"},
				"south": {"uv": [0, 0, 16, 16], "texture": "#1"},
				"west": {"uv": [0, 0, 16, 16], "texture": "#1"}
			}
		},
		{
			"from": [1.01095, 3.71724, 13.04138],
			"to": [3.01095, 5.71724, 15.04138],
			"rotation": {"angle": 0, "axis": "y", "origin": [-0.98905, 1.71724, -0.95862]},
			"faces": {
				"south": {"uv": [0, 0, 16, 16], "texture": "#0"},
				"west": {"uv": [0, 0, 16, 16], "texture": "#0"},
				"up": {"uv": [0, 0, 16, 16], "texture": "#0"},
				"down": {"uv": [0, 0, 16, 16], "texture": "#0"}
			}
		},
		{
			"from": [3.01095, 3.71724, 1.04138],
			"to": [5.01095, 5.71724, 3.04138],
			"rotation": {"angle": 0, "axis": "y", "origin": [-0.98905, 1.71724, -0.95862]},
			"faces": {
				"north": {"uv": [0, 0, 16, 16], "texture": "#1"},
				"east": {"uv": [0, 0, 16, 16], "texture": "#1"},
				"south": {"uv": [0, 0, 16, 16], "texture": "#1"},
				"west": {"uv": [0, 0, 16, 16], "texture": "#1"}
			}
		},
		{
			"from": [3.01095, 3.71724, 13.04138],
			"to": [5.01095, 5.71724, 15.04138],
			"rotation": {"angle": 0, "axis": "y", "origin": [-0.98905, 1.71724, -0.95862]},
			"faces": {
				"north": {"uv": [0, 0, 16, 16], "texture": "#1"},
				"east": {"uv": [0, 0, 16, 16], "texture": "#1"},
				"south": {"uv": [0, 0, 16, 16], "texture": "#1"},
				"west": {"uv": [0, 0, 16, 16], "texture": "#1"}
			}
		},
		{
			"from": [11.01095, 3.71724, 1.04138],
			"to": [13.01095, 5.71724, 3.04138],
			"rotation": {"angle": 0, "axis": "y", "origin": [-0.98905, 1.71724, -0.95862]},
			"faces": {
				"north": {"uv": [0, 0, 16, 16], "texture": "#1"},
				"east": {"uv": [0, 0, 16, 16], "texture": "#1"},
				"south": {"uv": [0, 0, 16, 16], "texture": "#1"},
				"west": {"uv": [0, 0, 16, 16], "texture": "#1"}
			}
		},
		{
			"from": [11.01095, 3.71724, 13.04138],
			"to": [13.01095, 5.71724, 15.04138],
			"rotation": {"angle": 0, "axis": "y", "origin": [-0.98905, 1.71724, -0.95862]},
			"faces": {
				"north": {"uv": [0, 0, 16, 16], "texture": "#1"},
				"east": {"uv": [0, 0, 16, 16], "texture": "#1"},
				"south": {"uv": [0, 0, 16, 16], "texture": "#1"},
				"west": {"uv": [0, 0, 16, 16], "texture": "#1"}
			}
		},
		{
			"from": [13.01095, 3.71724, 1.04138],
			"to": [15.01095, 5.71724, 3.04138],
			"rotation": {"angle": 0, "axis": "y", "origin": [-0.98905, 1.71724, -0.95862]},
			"faces": {
				"north": {"uv": [0, 0, 16, 16], "texture": "#0"},
				"east": {"uv": [0, 0, 16, 16], "texture": "#0"},
				"up": {"uv": [0, 0, 16, 16], "texture": "#0"},
				"down": {"uv": [0, 0, 16, 16], "texture": "#0"}
			}
		},
		{
			"from": [13.01095, 3.71724, 3.04138],
			"to": [15.01095, 5.71724, 5.04138],
			"rotation": {"angle": 0, "axis": "y", "origin": [-0.98905, 1.71724, -0.95862]},
			"faces": {
				"north": {"uv": [0, 0, 16, 16], "texture": "#1"},
				"east": {"uv": [0, 0, 16, 16], "texture": "#1"},
				"south": {"uv": [0, 0, 16, 16], "texture": "#1"},
				"west": {"uv": [0, 0, 16, 16], "texture": "#1"}
			}
		},
		{
			"from": [13.01095, 3.71724, 11.04138],
			"to": [15.01095, 5.71724, 13.04138],
			"rotation": {"angle": 0, "axis": "y", "origin": [-0.98905, 1.71724, -0.95862]},
			"faces": {
				"north": {"uv": [0, 0, 16, 16], "texture": "#1"},
				"east": {"uv": [0, 0, 16, 16], "texture": "#1"},
				"south": {"uv": [0, 0, 16, 16], "texture": "#1"},
				"west": {"uv": [0, 0, 16, 16], "texture": "#1"}
			}
		},
		{
			"from": [13.01095, 3.71724, 13.04138],
			"to": [15.01095, 5.71724, 15.04138],
			"rotation": {"angle": 0, "axis": "y", "origin": [-0.98905, 1.71724, -0.95862]},
			"faces": {
				"east": {"uv": [0, 0, 16, 16], "texture": "#0"},
				"south": {"uv": [0, 0, 16, 16], "texture": "#0"},
				"up": {"uv": [0, 0, 16, 16], "texture": "#0"},
				"down": {"uv": [0, 0, 16, 16], "texture": "#0"}
			}
		},
		{
			"from": [1.01095, 5.71724, 1.04138],
			"to": [3.01095, 7.71724, 3.04138],
			"rotation": {"angle": 0, "axis": "y", "origin": [-0.98905, 1.71724, -0.95862]},
			"faces": {
				"north": {"uv": [0, 0, 16, 16], "texture": "#0"},
				"west": {"uv": [0, 0, 16, 16], "texture": "#0"},
				"up": {"uv": [0, 0, 16, 16], "texture": "#0"},
				"down": {"uv": [0, 0, 16, 16], "texture": "#0"}
			}
		},
		{
			"from": [1.01095, 5.71724, 3.04138],
			"to": [3.01095, 7.71724, 5.04138],
			"rotation": {"angle": 0, "axis": "y", "origin": [-0.98905, 1.71724, -0.95862]},
			"faces": {
				"north": {"uv": [0, 0, 16, 16], "texture": "#1"},
				"east": {"uv": [0, 0, 16, 16], "texture": "#1"},
				"south": {"uv": [0, 0, 16, 16], "texture": "#1"},
				"west": {"uv": [0, 0, 16, 16], "texture": "#1"}
			}
		},
		{
			"from": [1.01095, 5.71724, 11.04138],
			"to": [3.01095, 7.71724, 13.04138],
			"rotation": {"angle": 0, "axis": "y", "origin": [-0.98905, 1.71724, -0.95862]},
			"faces": {
				"north": {"uv": [0, 0, 16, 16], "texture": "#1"},
				"east": {"uv": [0, 0, 16, 16], "texture": "#1"},
				"south": {"uv": [0, 0, 16, 16], "texture": "#1"},
				"west": {"uv": [0, 0, 16, 16], "texture": "#1"}
			}
		},
		{
			"from": [1.01095, 5.71724, 13.04138],
			"to": [3.01095, 7.71724, 15.04138],
			"rotation": {"angle": 0, "axis": "y", "origin": [-0.98905, 1.71724, -0.95862]},
			"faces": {
				"south": {"uv": [0, 0, 16, 16], "texture": "#0"},
				"west": {"uv": [0, 0, 16, 16], "texture": "#0"},
				"up": {"uv": [0, 0, 16, 16], "texture": "#0"},
				"down": {"uv": [0, 0, 16, 16], "texture": "#0"}
			}
		},
		{
			"from": [3.01095, 5.71724, 1.04138],
			"to": [5.01095, 7.71724, 3.04138],
			"rotation": {"angle": 0, "axis": "y", "origin": [-0.98905, 1.71724, -0.95862]},
			"faces": {
				"north": {"uv": [0, 0, 16, 16], "texture": "#1"},
				"east": {"uv": [0, 0, 16, 16], "texture": "#1"},
				"south": {"uv": [0, 0, 16, 16], "texture": "#1"},
				"west": {"uv": [0, 0, 16, 16], "texture": "#1"}
			}
		},
		{
			"from": [3.01095, 5.71724, 13.04138],
			"to": [5.01095, 7.71724, 15.04138],
			"rotation": {"angle": 0, "axis": "y", "origin": [-0.98905, 1.71724, -0.95862]},
			"faces": {
				"north": {"uv": [0, 0, 16, 16], "texture": "#1"},
				"east": {"uv": [0, 0, 16, 16], "texture": "#1"},
				"south": {"uv": [0, 0, 16, 16], "texture": "#1"},
				"west": {"uv": [0, 0, 16, 16], "texture": "#1"}
			}
		},
		{
			"from": [11.01095, 5.71724, 1.04138],
			"to": [13.01095, 7.71724, 3.04138],
			"rotation": {"angle": 0, "axis": "y", "origin": [-0.98905, 1.71724, -0.95862]},
			"faces": {
				"north": {"uv": [0, 0, 16, 16], "texture": "#1"},
				"east": {"uv": [0, 0, 16, 16], "texture": "#1"},
				"south": {"uv": [0, 0, 16, 16], "texture": "#1"},
				"west": {"uv": [0, 0, 16, 16], "texture": "#1"}
			}
		},
		{
			"from": [11.01095, 5.71724, 13.04138],
			"to": [13.01095, 7.71724, 15.04138],
			"rotation": {"angle": 0, "axis": "y", "origin": [-0.98905, 1.71724, -0.95862]},
			"faces": {
				"north": {"uv": [0, 0, 16, 16], "texture": "#1"},
				"east": {"uv": [0, 0, 16, 16], "texture": "#1"},
				"south": {"uv": [0, 0, 16, 16], "texture": "#1"},
				"west": {"uv": [0, 0, 16, 16], "texture": "#1"}
			}
		},
		{
			"from": [13.01095, 5.71724, 1.04138],
			"to": [15.01095, 7.71724, 3.04138],
			"rotation": {"angle": 0, "axis": "y", "origin": [-0.98905, 1.71724, -0.95862]},
			"faces": {
				"north": {"uv": [0, 0, 16, 16], "texture": "#0"},
				"east": {"uv": [0, 0, 16, 16], "texture": "#0"},
				"up": {"uv": [0, 0, 16, 16], "texture": "#0"},
				"down": {"uv": [0, 0, 16, 16], "texture": "#0"}
			}
		},
		{
			"from": [13.01095, 5.71724, 3.04138],
			"to": [15.01095, 7.71724, 5.04138],
			"rotation": {"angle": 0, "axis": "y", "origin": [-0.98905, 1.71724, -0.95862]},
			"faces": {
				"north": {"uv": [0, 0, 16, 16], "texture": "#1"},
				"east": {"uv": [0, 0, 16, 16], "texture": "#1"},
				"south": {"uv": [0, 0, 16, 16], "texture": "#1"},
				"west": {"uv": [0, 0, 16, 16], "texture": "#1"}
			}
		},
		{
			"from": [13.01095, 5.71724, 11.04138],
			"to": [15.01095, 7.71724, 13.04138],
			"rotation": {"angle": 0, "axis": "y", "origin": [-0.98905, 1.71724, -0.95862]},
			"faces": {
				"north": {"uv": [0, 0, 16, 16], "texture": "#1"},
				"east": {"uv": [0, 0, 16, 16], "texture": "#1"},
				"south": {"uv": [0, 0, 16, 16], "texture": "#1"},
				"west": {"uv": [0, 0, 16, 16], "texture": "#1"}
			}
		},
		{
			"from": [13.01095, 5.71724, 13.04138],
			"to": [15.01095, 7.71724, 15.04138],
			"rotation": {"angle": 0, "axis": "y", "origin": [-0.98905, 1.71724, -0.95862]},
			"faces": {
				"east": {"uv": [0, 0, 16, 16], "texture": "#0"},
				"south": {"uv": [0, 0, 16, 16], "texture": "#0"},
				"up": {"uv": [0, 0, 16, 16], "texture": "#0"},
				"down": {"uv": [0, 0, 16, 16], "texture": "#0"}
			}
		},
		{
			"from": [1.01095, 7.71724, 1.04138],
			"to": [3.01095, 9.71724, 3.04138],
			"rotation": {"angle": 0, "axis": "y", "origin": [-0.98905, 1.71724, -0.95862]},
			"faces": {
				"north": {"uv": [0, 0, 16, 16], "texture": "#0"},
				"west": {"uv": [0, 0, 16, 16], "texture": "#0"},
				"up": {"uv": [0, 0, 16, 16], "texture": "#0"},
				"down": {"uv": [0, 0, 16, 16], "texture": "#0"}
			}
		},
		{
			"from": [1.01095, 7.71724, 3.04138],
			"to": [3.01095, 9.71724, 5.04138],
			"rotation": {"angle": 0, "axis": "y", "origin": [-0.98905, 1.71724, -0.95862]},
			"faces": {
				"north": {"uv": [0, 0, 16, 16], "texture": "#1"},
				"east": {"uv": [0, 0, 16, 16], "texture": "#1"},
				"west": {"uv": [0, 0, 16, 16], "texture": "#1"},
				"up": {"uv": [0, 0, 16, 16], "texture": "#1"}
			}
		},
		{
			"from": [1.01095, 7.71724, 5.04138],
			"to": [3.01095, 9.71724, 7.04138],
			"rotation": {"angle": 0, "axis": "y", "origin": [-0.98905, 1.71724, -0.95862]},
			"faces": {
				"east": {"uv": [0, 0, 16, 16], "texture": "#1"},
				"west": {"uv": [0, 0, 16, 16], "texture": "#1"},
				"up": {"uv": [0, 0, 16, 16], "texture": "#1"}
			}
		},
		{
			"from": [1.01095, 7.71724, 7.04138],
			"to": [3.01095, 9.71724, 9.04138],
			"rotation": {"angle": 0, "axis": "y", "origin": [-0.98905, 1.71724, -0.95862]},
			"faces": {
				"east": {"uv": [0, 0, 16, 16], "texture": "#1"},
				"west": {"uv": [0, 0, 16, 16], "texture": "#1"},
				"up": {"uv": [0, 0, 16, 16], "texture": "#1"},
				"down": {"uv": [0, 0, 16, 16], "texture": "#1"}
			}
		},
		{
			"from": [1.01095, 7.71724, 9.04138],
			"to": [3.01095, 9.71724, 11.04138],
			"rotation": {"angle": 0, "axis": "y", "origin": [-0.98905, 1.71724, -0.95862]},
			"faces": {
				"east": {"uv": [0, 0, 16, 16], "texture": "#1"},
				"west": {"uv": [0, 0, 16, 16], "texture": "#1"},
				"up": {"uv": [0, 0, 16, 16], "texture": "#1"}
			}
		},
		{
			"from": [1.01095, 7.71724, 11.04138],
			"to": [3.01095, 9.71724, 13.04138],
			"rotation": {"angle": 0, "axis": "y", "origin": [-0.98905, 1.71724, -0.95862]},
			"faces": {
				"east": {"uv": [0, 0, 16, 16], "texture": "#1"},
				"south": {"uv": [0, 0, 16, 16], "texture": "#1"},
				"west": {"uv": [0, 0, 16, 16], "texture": "#1"},
				"up": {"uv": [0, 0, 16, 16], "texture": "#1"}
			}
		},
		{
			"from": [1.01095, 7.71724, 13.04138],
			"to": [3.01095, 9.71724, 15.04138],
			"rotation": {"angle": 0, "axis": "y", "origin": [-0.98905, 1.71724, -0.95862]},
			"faces": {
				"south": {"uv": [0, 0, 16, 16], "texture": "#0"},
				"west": {"uv": [0, 0, 16, 16], "texture": "#0"},
				"up": {"uv": [0, 0, 16, 16], "texture": "#0"},
				"down": {"uv": [0, 0, 16, 16], "texture": "#0"}
			}
		},
		{
			"from": [3.01095, 7.71724, 1.04138],
			"to": [5.01095, 9.71724, 3.04138],
			"rotation": {"angle": 0, "axis": "y", "origin": [-0.98905, 1.71724, -0.95862]},
			"faces": {
				"north": {"uv": [0, 0, 16, 16], "texture": "#1"},
				"south": {"uv": [0, 0, 16, 16], "texture": "#1"},
				"west": {"uv": [0, 0, 16, 16], "texture": "#1"},
				"up": {"uv": [0, 0, 16, 16], "texture": "#1"}
			}
		},
		{
			"from": [3.01095, 7.71724, 13.04138],
			"to": [5.01095, 9.71724, 15.04138],
			"rotation": {"angle": 0, "axis": "y", "origin": [-0.98905, 1.71724, -0.95862]},
			"faces": {
				"north": {"uv": [0, 0, 16, 16], "texture": "#1"},
				"south": {"uv": [0, 0, 16, 16], "texture": "#1"},
				"west": {"uv": [0, 0, 16, 16], "texture": "#1"},
				"up": {"uv": [0, 0, 16, 16], "texture": "#1"}
			}
		},
		{
			"from": [5.01095, 7.71724, 1.04138],
			"to": [7.01095, 9.71724, 3.04138],
			"rotation": {"angle": 0, "axis": "y", "origin": [-0.98905, 1.71724, -0.95862]},
			"faces": {
				"north": {"uv": [0, 0, 16, 16], "texture": "#1"},
				"south": {"uv": [0, 0, 16, 16], "texture": "#1"},
				"up": {"uv": [0, 0, 16, 16], "texture": "#1"}
			}
		},
		{
			"from": [5.01095, 7.71724, 13.04138],
			"to": [7.01095, 9.71724, 15.04138],
			"rotation": {"angle": 0, "axis": "y", "origin": [-0.98905, 1.71724, -0.95862]},
			"faces": {
				"north": {"uv": [0, 0, 16, 16], "texture": "#1"},
				"south": {"uv": [0, 0, 16, 16], "texture": "#1"},
				"up": {"uv": [0, 0, 16, 16], "texture": "#1"},
				"down": {"uv": [0, 0, 16, 16], "texture": "#1"}
			}
		},
		{
			"from": [7.01095, 7.71724, 1.04138],
			"to": [9.01095, 9.71724, 3.04138],
			"rotation": {"angle": 0, "axis": "y", "origin": [-0.98905, 1.71724, -0.95862]},
			"faces": {
				"north": {"uv": [0, 0, 16, 16], "texture": "#1"},
				"south": {"uv": [0, 0, 16, 16], "texture": "#1"},
				"up": {"uv": [0, 0, 16, 16], "texture": "#1"},
				"down": {"uv": [0, 0, 16, 16], "texture": "#1"}
			}
		},
		{
			"from": [7.01095, 7.71724, 13.04138],
			"to": [9.01095, 9.71724, 15.04138],
			"rotation": {"angle": 0, "axis": "y", "origin": [-0.98905, 1.71724, -0.95862]},
			"faces": {
				"north": {"uv": [0, 0, 16, 16], "texture": "#1"},
				"south": {"uv": [0, 0, 16, 16], "texture": "#1"},
				"up": {"uv": [0, 0, 16, 16], "texture": "#1"},
				"down": {"uv": [0, 0, 16, 16], "texture": "#1"}
			}
		},
		{
			"from": [9.01095, 7.71724, 1.04138],
			"to": [11.01095, 9.71724, 3.04138],
			"rotation": {"angle": 0, "axis": "y", "origin": [-0.98905, 1.71724, -0.95862]},
			"faces": {
				"north": {"uv": [0, 0, 16, 16], "texture": "#1"},
				"south": {"uv": [0, 0, 16, 16], "texture": "#1"},
				"up": {"uv": [0, 0, 16, 16], "texture": "#1"}
			}
		},
		{
			"from": [9.01095, 7.71724, 13.04138],
			"to": [11.01095, 9.71724, 15.04138],
			"rotation": {"angle": 0, "axis": "y", "origin": [-0.98905, 1.71724, -0.95862]},
			"faces": {
				"north": {"uv": [0, 0, 16, 16], "texture": "#1"},
				"south": {"uv": [0, 0, 16, 16], "texture": "#1"},
				"up": {"uv": [0, 0, 16, 16], "texture": "#1"},
				"down": {"uv": [0, 0, 16, 16], "texture": "#1"}
			}
		},
		{
			"from": [11.01095, 7.71724, 1.04138],
			"to": [13.01095, 9.71724, 3.04138],
			"rotation": {"angle": 0, "axis": "y", "origin": [-0.98905, 1.71724, -0.95862]},
			"faces": {
				"north": {"uv": [0, 0, 16, 16], "texture": "#1"},
				"east": {"uv": [0, 0, 16, 16], "texture": "#1"},
				"south": {"uv": [0, 0, 16, 16], "texture": "#1"},
				"up": {"uv": [0, 0, 16, 16], "texture": "#1"}
			}
		},
		{
			"from": [11.01095, 7.71724, 13.04138],
			"to": [13.01095, 9.71724, 15.04138],
			"rotation": {"angle": 0, "axis": "y", "origin": [-0.98905, 1.71724, -0.95862]},
			"faces": {
				"north": {"uv": [0, 0, 16, 16], "texture": "#1"},
				"east": {"uv": [0, 0, 16, 16], "texture": "#1"},
				"south": {"uv": [0, 0, 16, 16], "texture": "#1"},
				"up": {"uv": [0, 0, 16, 16], "texture": "#1"}
			}
		},
		{
			"from": [13.01095, 7.71724, 1.04138],
			"to": [15.01095, 9.71724, 3.04138],
			"rotation": {"angle": 0, "axis": "y", "origin": [-0.98905, 1.71724, -0.95862]},
			"faces": {
				"north": {"uv": [0, 0, 16, 16], "texture": "#0"},
				"east": {"uv": [0, 0, 16, 16], "texture": "#0"},
				"up": {"uv": [0, 0, 16, 16], "texture": "#0"},
				"down": {"uv": [0, 0, 16, 16], "texture": "#0"}
			}
		},
		{
			"from": [13.01095, 7.71724, 3.04138],
			"to": [15.01095, 9.71724, 5.04138],
			"rotation": {"angle": 0, "axis": "y", "origin": [-0.98905, 1.71724, -0.95862]},
			"faces": {
				"north": {"uv": [0, 0, 16, 16], "texture": "#1"},
				"east": {"uv": [0, 0, 16, 16], "texture": "#1"},
				"west": {"uv": [0, 0, 16, 16], "texture": "#1"},
				"up": {"uv": [0, 0, 16, 16], "texture": "#1"}
			}
		},
		{
			"from": [13.01095, 7.71724, 5.04138],
			"to": [15.01095, 9.71724, 7.04138],
			"rotation": {"angle": 0, "axis": "y", "origin": [-0.98905, 1.71724, -0.95862]},
			"faces": {
				"east": {"uv": [0, 0, 16, 16], "texture": "#1"},
				"west": {"uv": [0, 0, 16, 16], "texture": "#1"},
				"up": {"uv": [0, 0, 16, 16], "texture": "#1"},
				"down": {"uv": [0, 0, 16, 16], "texture": "#1"}
			}
		},
		{
			"from": [13.01095, 7.71724, 7.04138],
			"to": [15.01095, 9.71724, 9.04138],
			"rotation": {"angle": 0, "axis": "y", "origin": [-0.98905, 1.71724, -0.95862]},
			"faces": {
				"east": {"uv": [0, 0, 16, 16], "texture": "#1"},
				"west": {"uv": [0, 0, 16, 16], "texture": "#1"},
				"up": {"uv": [0, 0, 16, 16], "texture": "#1"},
				"down": {"uv": [0, 0, 16, 16], "texture": "#1"}
			}
		},
		{
			"from": [13.01095, 7.71724, 9.04138],
			"to": [15.01095, 9.71724, 11.04138],
			"rotation": {"angle": 0, "axis": "y", "origin": [-0.98905, 1.71724, -0.95862]},
			"faces": {
				"east": {"uv": [0, 0, 16, 16], "texture": "#1"},
				"west": {"uv": [0, 0, 16, 16], "texture": "#1"},
				"up": {"uv": [0, 0, 16, 16], "texture": "#1"},
				"down": {"uv": [0, 0, 16, 16], "texture": "#1"}
			}
		},
		{
			"from": [13.01095, 7.71724, 11.04138],
			"to": [15.01095, 9.71724, 13.04138],
			"rotation": {"angle": 0, "axis": "y", "origin": [-0.98905, 1.71724, -0.95862]},
			"faces": {
				"east": {"uv": [0, 0, 16, 16], "texture": "#1"},
				"south": {"uv": [0, 0, 16, 16], "texture": "#1"},
				"west": {"uv": [0, 0, 16, 16], "texture": "#1"},
				"up": {"uv": [0, 0, 16, 16], "texture": "#1"}
			}
		},
		{
			"from": [13.01095, 7.71724, 13.04138],
			"to": [15.01095, 9.71724, 15.04138],
			"rotation": {"angle": 0, "axis": "y", "origin": [-0.98905, 1.71724, -0.95862]},
			"faces": {
				"east": {"uv": [0, 0, 16, 16], "texture": "#0"},
				"south": {"uv": [0, 0, 16, 16], "texture": "#0"},
				"up": {"uv": [0, 0, 16, 16], "texture": "#0"},
				"down": {"uv": [0, 0, 16, 16], "texture": "#0"}
			}
		},
		{
			"from": [1.01095, 9.71724, 1.04138],
			"to": [3.01095, 11.71724, 3.04138],
			"rotation": {"angle": 0, "axis": "y", "origin": [-0.98905, 1.71724, -0.95862]},
			"faces": {
				"north": {"uv": [0, 0, 16, 16], "texture": "#0"},
				"east": {"uv": [0, 0, 16, 16], "texture": "#0"},
				"south": {"uv": [0, 0, 16, 16], "texture": "#0"},
				"west": {"uv": [0, 0, 16, 16], "texture": "#0"},
				"up": {"uv": [0, 0, 16, 16], "texture": "#0"},
				"down": {"uv": [0, 0, 16, 16], "texture": "#0"}
			}
		},
		{
			"from": [1.01095, 9.71724, 3.04138],
			"to": [3.01095, 11.71724, 5.04138],
			"rotation": {"angle": 0, "axis": "y", "origin": [-0.98905, 1.71724, -0.95862]},
			"faces": {
				"north": {"uv": [0, 0, 16, 16], "texture": "#0"},
				"east": {"uv": [0, 0, 16, 16], "texture": "#0"},
				"south": {"uv": [0, 0, 16, 16], "texture": "#0"},
				"west": {"uv": [0, 0, 16, 16], "texture": "#0"},
				"up": {"uv": [0, 0, 16, 16], "texture": "#0"}
			}
		},
		{
			"from": [1.01095, 9.71724, 5.04138],
			"to": [3.01095, 11.71724, 7.04138],
			"rotation": {"angle": 0, "axis": "y", "origin": [-0.98905, 1.71724, -0.95862]},
			"faces": {
				"north": {"uv": [0, 0, 16, 16], "texture": "#0"},
				"east": {"uv": [0, 0, 16, 16], "texture": "#0"},
				"south": {"uv": [0, 0, 16, 16], "texture": "#0"},
				"west": {"uv": [0, 0, 16, 16], "texture": "#0"},
				"up": {"uv": [0, 0, 16, 16], "texture": "#0"}
			}
		},
		{
			"from": [1.01095, 9.71724, 7.04138],
			"to": [3.01095, 11.71724, 9.04138],
			"rotation": {"angle": 0, "axis": "y", "origin": [-0.98905, 1.71724, -0.95862]},
			"faces": {
				"north": {"uv": [0, 0, 16, 16], "texture": "#0"},
				"east": {"uv": [0, 0, 16, 16], "texture": "#0"},
				"south": {"uv": [0, 0, 16, 16], "texture": "#0"},
				"west": {"uv": [0, 0, 16, 16], "texture": "#0"},
				"up": {"uv": [0, 0, 16, 16], "texture": "#0"}
			}
		},
		{
			"from": [1.01095, 9.71724, 9.04138],
			"to": [3.01095, 11.71724, 11.04138],
			"rotation": {"angle": 0, "axis": "y", "origin": [-0.98905, 1.71724, -0.95862]},
			"faces": {
				"north": {"uv": [0, 0, 16, 16], "texture": "#0"},
				"east": {"uv": [0, 0, 16, 16], "texture": "#0"},
				"south": {"uv": [0, 0, 16, 16], "texture": "#0"},
				"west": {"uv": [0, 0, 16, 16], "texture": "#0"},
				"up": {"uv": [0, 0, 16, 16], "texture": "#0"}
			}
		},
		{
			"from": [1.01095, 9.71724, 11.04138],
			"to": [3.01095, 11.71724, 13.04138],
			"rotation": {"angle": 0, "axis": "y", "origin": [-0.98905, 1.71724, -0.95862]},
			"faces": {
				"north": {"uv": [0, 0, 16, 16], "texture": "#0"},
				"east": {"uv": [0, 0, 16, 16], "texture": "#0"},
				"south": {"uv": [0, 0, 16, 16], "texture": "#0"},
				"west": {"uv": [0, 0, 16, 16], "texture": "#0"},
				"up": {"uv": [0, 0, 16, 16], "texture": "#0"}
			}
		},
		{
			"from": [1.01095, 9.71724, 13.04138],
			"to": [3.01095, 11.71724, 15.04138],
			"rotation": {"angle": 0, "axis": "y", "origin": [-0.98905, 1.71724, -0.95862]},
			"faces": {
				"north": {"uv": [0, 0, 16, 16], "texture": "#0"},
				"east": {"uv": [0, 0, 16, 16], "texture": "#0"},
				"south": {"uv": [0, 0, 16, 16], "texture": "#0"},
				"west": {"uv": [0, 0, 16, 16], "texture": "#0"},
				"up": {"uv": [0, 0, 16, 16], "texture": "#0"},
				"down": {"uv": [0, 0, 16, 16], "texture": "#0"}
			}
		},
		{
			"from": [3.01095, 9.71724, 1.04138],
			"to": [5.01095, 11.71724, 3.04138],
			"rotation": {"angle": 0, "axis": "y", "origin": [-0.98905, 1.71724, -0.95862]},
			"faces": {
				"north": {"uv": [0, 0, 16, 16], "texture": "#0"},
				"east": {"uv": [0, 0, 16, 16], "texture": "#0"},
				"south": {"uv": [0, 0, 16, 16], "texture": "#0"},
				"west": {"uv": [0, 0, 16, 16], "texture": "#0"},
				"up": {"uv": [0, 0, 16, 16], "texture": "#0"}
			}
		},
		{
			"from": [3.01095, 9.71724, 13.04138],
			"to": [5.01095, 11.71724, 15.04138],
			"rotation": {"angle": 0, "axis": "y", "origin": [-0.98905, 1.71724, -0.95862]},
			"faces": {
				"north": {"uv": [0, 0, 16, 16], "texture": "#0"},
				"east": {"uv": [0, 0, 16, 16], "texture": "#0"},
				"south": {"uv": [0, 0, 16, 16], "texture": "#0"},
				"west": {"uv": [0, 0, 16, 16], "texture": "#0"},
				"up": {"uv": [0, 0, 16, 16], "texture": "#0"}
			}
		},
		{
			"from": [5.01095, 9.71724, 1.04138],
			"to": [7.01095, 11.71724, 3.04138],
			"rotation": {"angle": 0, "axis": "y", "origin": [-0.98905, 1.71724, -0.95862]},
			"faces": {
				"north": {"uv": [0, 0, 16, 16], "texture": "#0"},
				"east": {"uv": [0, 0, 16, 16], "texture": "#0"},
				"south": {"uv": [0, 0, 16, 16], "texture": "#0"},
				"west": {"uv": [0, 0, 16, 16], "texture": "#0"},
				"up": {"uv": [0, 0, 16, 16], "texture": "#0"}
			}
		},
		{
			"from": [5.01095, 9.71724, 13.04138],
			"to": [7.01095, 11.71724, 15.04138],
			"rotation": {"angle": 0, "axis": "y", "origin": [-0.98905, 1.71724, -0.95862]},
			"faces": {
				"north": {"uv": [0, 0, 16, 16], "texture": "#0"},
				"east": {"uv": [0, 0, 16, 16], "texture": "#0"},
				"south": {"uv": [0, 0, 16, 16], "texture": "#0"},
				"west": {"uv": [0, 0, 16, 16], "texture": "#0"},
				"up": {"uv": [0, 0, 16, 16], "texture": "#0"}
			}
		},
		{
			"from": [7.01095, 9.71724, 1.04138],
			"to": [9.01095, 11.71724, 3.04138],
			"rotation": {"angle": 0, "axis": "y", "origin": [-0.98905, 1.71724, -0.95862]},
			"faces": {
				"north": {"uv": [0, 0, 16, 16], "texture": "#0"},
				"east": {"uv": [0, 0, 16, 16], "texture": "#0"},
				"south": {"uv": [0, 0, 16, 16], "texture": "#0"},
				"west": {"uv": [0, 0, 16, 16], "texture": "#0"},
				"up": {"uv": [0, 0, 16, 16], "texture": "#0"}
			}
		},
		{
			"from": [7.01095, 9.71724, 13.04138],
			"to": [9.01095, 11.71724, 15.04138],
			"rotation": {"angle": 0, "axis": "y", "origin": [-0.98905, 1.71724, -0.95862]},
			"faces": {
				"north": {"uv": [0, 0, 16, 16], "texture": "#0"},
				"east": {"uv": [0, 0, 16, 16], "texture": "#0"},
				"south": {"uv": [0, 0, 16, 16], "texture": "#0"},
				"west": {"uv": [0, 0, 16, 16], "texture": "#0"},
				"up": {"uv": [0, 0, 16, 16], "texture": "#0"}
			}
		},
		{
			"from": [9.01095, 9.71724, 1.04138],
			"to": [11.01095, 11.71724, 3.04138],
			"rotation": {"angle": 0, "axis": "y", "origin": [-0.98905, 1.71724, -0.95862]},
			"faces": {
				"north": {"uv": [0, 0, 16, 16], "texture": "#0"},
				"east": {"uv": [0, 0, 16, 16], "texture": "#0"},
				"south": {"uv": [0, 0, 16, 16], "texture": "#0"},
				"west": {"uv": [0, 0, 16, 16], "texture": "#0"},
				"up": {"uv": [0, 0, 16, 16], "texture": "#0"}
			}
		},
		{
			"from": [9.01095, 9.71724, 13.04138],
			"to": [11.01095, 11.71724, 15.04138],
			"rotation": {"angle": 0, "axis": "y", "origin": [-0.98905, 1.71724, -0.95862]},
			"faces": {
				"north": {"uv": [0, 0, 16, 16], "texture": "#0"},
				"east": {"uv": [0, 0, 16, 16], "texture": "#0"},
				"south": {"uv": [0, 0, 16, 16], "texture": "#0"},
				"west": {"uv": [0, 0, 16, 16], "texture": "#0"},
				"up": {"uv": [0, 0, 16, 16], "texture": "#0"}
			}
		},
		{
			"from": [11.01095, 9.71724, 1.04138],
			"to": [13.01095, 11.71724, 3.04138],
			"rotation": {"angle": 0, "axis": "y", "origin": [-0.98905, 1.71724, -0.95862]},
			"faces": {
				"north": {"uv": [0, 0, 16, 16], "texture": "#0"},
				"east": {"uv": [0, 0, 16, 16], "texture": "#0"},
				"south": {"uv": [0, 0, 16, 16], "texture": "#0"},
				"west": {"uv": [0, 0, 16, 16], "texture": "#0"},
				"up": {"uv": [0, 0, 16, 16], "texture": "#0"}
			}
		},
		{
			"from": [11.01095, 9.71724, 13.04138],
			"to": [13.01095, 11.71724, 15.04138],
			"rotation": {"angle": 0, "axis": "y", "origin": [-0.98905, 1.71724, -0.95862]},
			"faces": {
				"north": {"uv": [0, 0, 16, 16], "texture": "#0"},
				"east": {"uv": [0, 0, 16, 16], "texture": "#0"},
				"south": {"uv": [0, 0, 16, 16], "texture": "#0"},
				"west": {"uv": [0, 0, 16, 16], "texture": "#0"},
				"up": {"uv": [0, 0, 16, 16], "texture": "#0"}
			}
		},
		{
			"from": [13.01095, 9.71724, 1.04138],
			"to": [15.01095, 11.71724, 3.04138],
			"rotation": {"angle": 0, "axis": "y", "origin": [-0.98905, 1.71724, -0.95862]},
			"faces": {
				"north": {"uv": [0, 0, 16, 16], "texture": "#0"},
				"east": {"uv": [0, 0, 16, 16], "texture": "#0"},
				"south": {"uv": [0, 0, 16, 16], "texture": "#0"},
				"west": {"uv": [0, 0, 16, 16], "texture": "#0"},
				"up": {"uv": [0, 0, 16, 16], "texture": "#0"},
				"down": {"uv": [0, 0, 16, 16], "texture": "#0"}
			}
		},
		{
			"from": [13.01095, 9.71724, 3.04138],
			"to": [15.01095, 11.71724, 5.04138],
			"rotation": {"angle": 0, "axis": "y", "origin": [-0.98905, 1.71724, -0.95862]},
			"faces": {
				"north": {"uv": [0, 0, 16, 16], "texture": "#0"},
				"east": {"uv": [0, 0, 16, 16], "texture": "#0"},
				"south": {"uv": [0, 0, 16, 16], "texture": "#0"},
				"west": {"uv": [0, 0, 16, 16], "texture": "#0"},
				"up": {"uv": [0, 0, 16, 16], "texture": "#0"}
			}
		},
		{
			"from": [13.01095, 9.71724, 5.04138],
			"to": [15.01095, 11.71724, 7.04138],
			"rotation": {"angle": 0, "axis": "y", "origin": [-0.98905, 1.71724, -0.95862]},
			"faces": {
				"north": {"uv": [0, 0, 16, 16], "texture": "#0"},
				"east": {"uv": [0, 0, 16, 16], "texture": "#0"},
				"south": {"uv": [0, 0, 16, 16], "texture": "#0"},
				"west": {"uv": [0, 0, 16, 16], "texture": "#0"},
				"up": {"uv": [0, 0, 16, 16], "texture": "#0"}
			}
		},
		{
			"from": [13.01095, 9.71724, 7.04138],
			"to": [15.01095, 11.71724, 9.04138],
			"rotation": {"angle": 0, "axis": "y", "origin": [-0.98905, 1.71724, -0.95862]},
			"faces": {
				"north": {"uv": [0, 0, 16, 16], "texture": "#0"},
				"east": {"uv": [0, 0, 16, 16], "texture": "#0"},
				"south": {"uv": [0, 0, 16, 16], "texture": "#0"},
				"west": {"uv": [0, 0, 16, 16], "texture": "#0"},
				"up": {"uv": [0, 0, 16, 16], "texture": "#0"}
			}
		},
		{
			"from": [13.01095, 9.71724, 9.04138],
			"to": [15.01095, 11.71724, 11.04138],
			"rotation": {"angle": 0, "axis": "y", "origin": [-0.98905, 1.71724, -0.95862]},
			"faces": {
				"north": {"uv": [0, 0, 16, 16], "texture": "#0"},
				"east": {"uv": [0, 0, 16, 16], "texture": "#0"},
				"south": {"uv": [0, 0, 16, 16], "texture": "#0"},
				"west": {"uv": [0, 0, 16, 16], "texture": "#0"},
				"up": {"uv": [0, 0, 16, 16], "texture": "#0"}
			}
		},
		{
			"from": [13.01095, 9.71724, 11.04138],
			"to": [15.01095, 11.71724, 13.04138],
			"rotation": {"angle": 0, "axis": "y", "origin": [-0.98905, 1.71724, -0.95862]},
			"faces": {
				"north": {"uv": [0, 0, 16, 16], "texture": "#0"},
				"east": {"uv": [0, 0, 16, 16], "texture": "#0"},
				"south": {"uv": [0, 0, 16, 16], "texture": "#0"},
				"west": {"uv": [0, 0, 16, 16], "texture": "#0"},
				"up": {"uv": [0, 0, 16, 16], "texture": "#0"}
			}
		},
		{
			"from": [13.01095, 9.71724, 13.04138],
			"to": [15.01095, 11.71724, 15.04138],
			"rotation": {"angle": 0, "axis": "y", "origin": [-0.98905, 1.71724, -0.95862]},
			"faces": {
				"north": {"uv": [0, 0, 16, 16], "texture": "#0"},
				"east": {"uv": [0, 0, 16, 16], "texture": "#0"},
				"south": {"uv": [0, 0, 16, 16], "texture": "#0"},
				"west": {"uv": [0, 0, 16, 16], "texture": "#0"},
				"up": {"uv": [0, 0, 16, 16], "texture": "#0"},
				"down": {"uv": [0, 0, 16, 16], "texture": "#0"}
			}
		},
		{
			"from": [12.91095, 1.71724, 11.04138],
			"to": [12.91095, 3.71724, 13.04138],
			"shade": false,
			"rotation": {"angle": 0, "axis": "y", "origin": [-0.98905, 1.71724, -0.95862]},
			"faces": {
				"east": {"uv": [16, 0, 0, 16], "texture": "#2"},
				"west": {"uv": [0, 0, 16, 16], "texture": "#2"}
			}
		},
		{
			"from": [1.51095, 3.71724, 7.54138],
			"to": [2.51095, 5.71724, 8.54138],
			"rotation": {"angle": 0, "axis": "y", "origin": [-0.98905, 1.71724, -0.95862]},
			"faces": {
				"north": {"uv": [4, 0, 12, 16], "texture": "#3"},
				"east": {"uv": [4, 0, 12, 16], "texture": "#3"},
				"south": {"uv": [4, 0, 12, 16], "texture": "#3"},
				"west": {"uv": [4, 0, 12, 16], "texture": "#3"}
			}
		},
		{
			"from": [7.51095, 3.71724, 1.54138],
			"to": [8.51095, 5.71724, 2.54138],
			"rotation": {"angle": 0, "axis": "y", "origin": [-0.98905, 1.71724, -0.95862]},
			"faces": {
				"north": {"uv": [4, 0, 12, 16], "texture": "#3"},
				"east": {"uv": [4, 0, 12, 16], "texture": "#3"},
				"south": {"uv": [4, 0, 12, 16], "texture": "#3"},
				"west": {"uv": [4, 0, 12, 16], "texture": "#3"}
			}
		},
		{
			"from": [12.91095, 3.71724, 11.04138],
			"to": [12.91095, 5.71724, 13.04138],
			"shade": false,
			"rotation": {"angle": 0, "axis": "y", "origin": [-0.98905, 1.71724, -0.95862]},
			"faces": {
				"east": {"uv": [16, 0, 0, 16], "texture": "#2"},
				"west": {"uv": [0, 0, 16, 16], "texture": "#2"}
			}
		},
		{
			"from": [1.01095, 6.71724, 5.04138],
			"to": [3.01095, 7.71724, 7.04138],
			"rotation": {"angle": 0, "axis": "y", "origin": [-0.98905, 1.71724, -0.95862]},
			"faces": {
				"east": {"uv": [0, 0, 16, 8], "texture": "#1"},
				"south": {"uv": [0, 0, 16, 8], "texture": "#1"},
				"west": {"uv": [0, 0, 16, 8], "texture": "#1"},
				"down": {"uv": [0, 0, 16, 16], "texture": "#1"}
			}
		},
		{
			"from": [1.51095, 5.71724, 7.54138],
			"to": [2.51095, 7.71724, 8.54138],
			"rotation": {"angle": 0, "axis": "y", "origin": [-0.98905, 1.71724, -0.95862]},
			"faces": {
				"north": {"uv": [4, 0, 12, 16], "texture": "#3"},
				"east": {"uv": [4, 0, 12, 16], "texture": "#3"},
				"south": {"uv": [4, 0, 12, 16], "texture": "#3"},
				"west": {"uv": [4, 0, 12, 16], "texture": "#3"}
			}
		},
		{
			"from": [1.01095, 6.71724, 9.04138],
			"to": [3.01095, 7.71724, 11.04138],
			"rotation": {"angle": 0, "axis": "y", "origin": [-0.98905, 1.71724, -0.95862]},
			"faces": {
				"north": {"uv": [0, 0, 16, 8], "texture": "#1"},
				"east": {"uv": [0, 0, 16, 8], "texture": "#1"},
				"west": {"uv": [0, 0, 16, 8], "texture": "#1"},
				"down": {"uv": [0, 0, 16, 16], "texture": "#1"}
			}
		},
		{
			"from": [5.01095, 6.71724, 1.04138],
			"to": [7.01095, 7.71724, 3.04138],
			"rotation": {"angle": 0, "axis": "y", "origin": [-0.98905, 1.71724, -0.95862]},
			"faces": {
				"north": {"uv": [0, 0, 16, 8], "texture": "#1"},
				"east": {"uv": [0, 0, 16, 8], "texture": "#1"},
				"south": {"uv": [0, 0, 16, 8], "texture": "#1"},
				"down": {"uv": [0, 0, 16, 16], "texture": "#1"}
			}
		},
		{
			"from": [5.01095, 6.71724, 13.04138],
			"to": [7.01095, 7.71724, 15.04138],
			"rotation": {"angle": 0, "axis": "y", "origin": [-0.98905, 1.71724, -0.95862]},
			"faces": {
				"north": {"uv": [0, 0, 16, 8], "texture": "#1"},
				"east": {"uv": [0, 0, 16, 8], "texture": "#1"},
				"south": {"uv": [0, 0, 16, 8], "texture": "#1"},
				"down": {"uv": [0, 0, 16, 16], "texture": "#1"}
			}
		},
		{
			"from": [5.01095, 5.71724, 13.04138],
			"to": [6.01095, 6.71724, 15.04138],
			"rotation": {"angle": 0, "axis": "y", "origin": [-0.98905, 1.71724, -0.95862]},
			"faces": {
				"north": {"uv": [8, 8, 16, 16], "texture": "#1"},
				"east": {"uv": [0, 8, 16, 16], "texture": "#1"},
				"south": {"uv": [0, 8, 8, 16], "texture": "#1"},
				"down": {"uv": [0, 0, 8, 16], "texture": "#1"}
			}
		},
		{
			"from": [7.51095, 5.71724, 1.54138],
			"to": [8.51095, 7.71724, 2.54138],
			"rotation": {"angle": 0, "axis": "y", "origin": [-0.98905, 1.71724, -0.95862]},
			"faces": {
				"north": {"uv": [4, 0, 12, 16], "texture": "#3"},
				"east": {"uv": [4, 0, 12, 16], "texture": "#3"},
				"south": {"uv": [4, 0, 12, 16], "texture": "#3"},
				"west": {"uv": [4, 0, 12, 16], "texture": "#3"}
			}
		},
		{
			"from": [9.01095, 6.71724, 1.04138],
			"to": [11.01095, 7.71724, 3.04138],
			"rotation": {"angle": 0, "axis": "y", "origin": [-0.98905, 1.71724, -0.95862]},
			"faces": {
				"north": {"uv": [0, 0, 16, 8], "texture": "#1"},
				"south": {"uv": [0, 0, 16, 8], "texture": "#1"},
				"west": {"uv": [0, 0, 16, 8], "texture": "#1"},
				"down": {"uv": [0, 0, 16, 16], "texture": "#1"}
			}
		},
		{
			"from": [9.01095, 6.71724, 13.04138],
			"to": [11.01095, 7.71724, 15.04138],
			"rotation": {"angle": 0, "axis": "y", "origin": [-0.98905, 1.71724, -0.95862]},
			"faces": {
				"north": {"uv": [0, 0, 16, 8], "texture": "#1"},
				"south": {"uv": [0, 0, 16, 8], "texture": "#1"},
				"west": {"uv": [0, 0, 16, 8], "texture": "#1"},
				"down": {"uv": [0, 0, 16, 16], "texture": "#1"}
			}
		},
		{
			"from": [10.01095, 5.71724, 13.04138],
			"to": [11.01095, 6.71724, 15.04138],
			"rotation": {"angle": 0, "axis": "y", "origin": [-0.98905, 1.71724, -0.95862]},
			"faces": {
				"north": {"uv": [0, 8, 8, 16], "texture": "#1"},
				"south": {"uv": [8, 8, 16, 16], "texture": "#1"},
				"west": {"uv": [0, 8, 16, 16], "texture": "#1"},
				"down": {"uv": [8, 0, 16, 16], "texture": "#1"}
			}
		},
		{
			"from": [12.91095, 5.71724, 11.04138],
			"to": [12.91095, 7.71724, 13.04138],
			"shade": false,
			"rotation": {"angle": 0, "axis": "y", "origin": [-0.98905, 1.71724, -0.95862]},
			"faces": {
				"east": {"uv": [16, 0, 0, 16], "texture": "#2"},
				"west": {"uv": [0, 0, 16, 16], "texture": "#2"}
			}
		},
		{
			"from": [13.01095, 6.71724, 5.04138],
			"to": [15.01095, 7.71724, 7.04138],
			"rotation": {"angle": 0, "axis": "y", "origin": [-0.98905, 1.71724, -0.95862]},
			"faces": {
				"east": {"uv": [0, 0, 16, 8], "texture": "#1"},
				"south": {"uv": [0, 0, 16, 8], "texture": "#1"},
				"west": {"uv": [0, 0, 16, 8], "texture": "#1"},
				"down": {"uv": [0, 0, 16, 16], "texture": "#1"}
			}
		},
		{
			"from": [13.01095, 5.71724, 5.04138],
			"to": [15.01095, 6.71724, 6.04138],
			"rotation": {"angle": 0, "axis": "y", "origin": [-0.98905, 1.71724, -0.95862]},
			"faces": {
				"east": {"uv": [8, 8, 16, 16], "texture": "#1"},
				"south": {"uv": [0, 8, 16, 16], "texture": "#1"},
				"west": {"uv": [0, 8, 8, 16], "texture": "#1"},
				"down": {"uv": [0, 8, 16, 16], "texture": "#1"}
			}
		},
		{
			"from": [13.01095, 6.71724, 9.04138],
			"to": [15.01095, 7.71724, 11.04138],
			"rotation": {"angle": 0, "axis": "y", "origin": [-0.98905, 1.71724, -0.95862]},
			"faces": {
				"north": {"uv": [0, 0, 16, 8], "texture": "#1"},
				"east": {"uv": [0, 0, 16, 8], "texture": "#1"},
				"west": {"uv": [0, 0, 16, 8], "texture": "#1"},
				"down": {"uv": [0, 0, 16, 16], "texture": "#1"}
			}
		},
		{
			"from": [13.01095, 5.71724, 10.04138],
			"to": [15.01095, 6.71724, 11.04138],
			"rotation": {"angle": 0, "axis": "y", "origin": [-0.98905, 1.71724, -0.95862]},
			"faces": {
				"north": {"uv": [0, 8, 16, 16], "texture": "#1"},
				"east": {"uv": [0, 8, 8, 16], "texture": "#1"},
				"west": {"uv": [8, 8, 16, 16], "texture": "#1"},
				"down": {"uv": [0, 0, 16, 8], "texture": "#1"}
			}
		},
		{
			"from": [3.01095, 8.71724, 3.04138],
			"to": [5.01095, 9.71724, 5.04138],
			"rotation": {"angle": 0, "axis": "y", "origin": [-0.98905, 1.71724, -0.95862]},
			"faces": {
				"east": {"uv": [0, 0, 16, 8], "texture": "#1"},
				"south": {"uv": [0, 0, 16, 8], "texture": "#1"},
				"down": {"uv": [0, 0, 16, 16], "texture": "#1"}
			}
		},
		{
			"from": [3.01095, 8.71724, 11.04138],
			"to": [5.01095, 9.71724, 13.04138],
			"rotation": {"angle": 0, "axis": "y", "origin": [-0.98905, 1.71724, -0.95862]},
			"faces": {
				"north": {"uv": [0, 0, 16, 8], "texture": "#1"},
				"east": {"uv": [0, 0, 16, 8], "texture": "#1"},
				"down": {"uv": [0, 0, 16, 16], "texture": "#1"}
			}
		},
		{
			"from": [11.01095, 8.71724, 3.04138],
			"to": [13.01095, 9.71724, 5.04138],
			"rotation": {"angle": 0, "axis": "y", "origin": [-0.98905, 1.71724, -0.95862]},
			"faces": {
				"south": {"uv": [0, 0, 16, 8], "texture": "#1"},
				"west": {"uv": [0, 0, 16, 8], "texture": "#1"},
				"down": {"uv": [0, 0, 16, 16], "texture": "#1"}
			}
		},
		{
			"from": [12.91095, 7.71724, 11.04138],
			"to": [12.91095, 9.71724, 13.04138],
			"shade": false,
			"rotation": {"angle": 0, "axis": "y", "origin": [-0.98905, 1.71724, -0.95862]},
			"faces": {
				"east": {"uv": [16, 0, 0, 16], "texture": "#2"},
				"west": {"uv": [0, 0, 16, 16], "texture": "#2"}
			}
		},
		{
			"from": [3.01095, 9.71724, 3.04138],
			"to": [5.01095, 10.71724, 5.04138],
			"rotation": {"angle": 0, "axis": "y", "origin": [-0.98905, 1.71724, -0.95862]},
			"faces": {
				"north": {"uv": [0, 8, 16, 16], "texture": "#4"},
				"west": {"uv": [0, 8, 16, 16], "texture": "#4"},
				"up": {"uv": [0, 0, 16, 16], "texture": "#4"}
			}
		},
		{
			"from": [3.01095, 9.71724, 5.04138],
			"to": [5.01095, 10.71724, 7.04138],
			"rotation": {"angle": 0, "axis": "y", "origin": [-0.98905, 1.71724, -0.95862]},
			"faces": {
				"west": {"uv": [0, 8, 16, 16], "texture": "#4"},
				"up": {"uv": [0, 0, 16, 16], "texture": "#4"},
				"down": {"uv": [0, 0, 16, 16], "texture": "#4"}
			}
		},
		{
			"from": [3.01095, 9.71724, 7.04138],
			"to": [5.01095, 10.71724, 9.04138],
			"rotation": {"angle": 0, "axis": "y", "origin": [-0.98905, 1.71724, -0.95862]},
			"faces": {
				"east": {"uv": [0, 8, 16, 16], "texture": "#4"},
				"west": {"uv": [0, 8, 16, 16], "texture": "#4"},
				"up": {"uv": [0, 0, 16, 16], "texture": "#4"},
				"down": {"uv": [0, 0, 16, 16], "texture": "#4"}
			}
		},
		{
			"from": [3.01095, 9.71724, 9.04138],
			"to": [5.01095, 10.71724, 11.04138],
			"rotation": {"angle": 0, "axis": "y", "origin": [-0.98905, 1.71724, -0.95862]},
			"faces": {
				"west": {"uv": [0, 8, 16, 16], "texture": "#4"},
				"up": {"uv": [0, 0, 16, 16], "texture": "#4"},
				"down": {"uv": [0, 0, 16, 16], "texture": "#4"}
			}
		},
		{
			"from": [3.01095, 9.71724, 11.04138],
			"to": [5.01095, 10.71724, 13.04138],
			"rotation": {"angle": 0, "axis": "y", "origin": [-0.98905, 1.71724, -0.95862]},
			"faces": {
				"south": {"uv": [0, 8, 16, 16], "texture": "#4"},
				"west": {"uv": [0, 8, 16, 16], "texture": "#4"},
				"up": {"uv": [0, 0, 16, 16], "texture": "#4"}
			}
		},
		{
			"from": [5.01095, 9.71724, 3.04138],
			"to": [7.01095, 10.71724, 5.04138],
			"rotation": {"angle": 0, "axis": "y", "origin": [-0.98905, 1.71724, -0.95862]},
			"faces": {
				"north": {"uv": [0, 8, 16, 16], "texture": "#4"},
				"up": {"uv": [0, 0, 16, 16], "texture": "#4"},
				"down": {"uv": [0, 0, 16, 16], "texture": "#4"}
			}
		},
		{
			"from": [5.01095, 9.71724, 5.04138],
			"to": [7.01095, 10.71724, 7.04138],
			"rotation": {"angle": 0, "axis": "y", "origin": [-0.98905, 1.71724, -0.95862]},
			"faces": {
				"east": {"uv": [0, 8, 16, 16], "texture": "#4"},
				"south": {"uv": [0, 8, 16, 16], "texture": "#4"},
				"up": {"uv": [0, 0, 16, 16], "texture": "#4"},
				"down": {"uv": [0, 0, 16, 16], "texture": "#4"}
			}
		},
		{
			"from": [5.01095, 9.71724, 9.04138],
			"to": [7.01095, 10.71724, 11.04138],
			"rotation": {"angle": 0, "axis": "y", "origin": [-0.98905, 1.71724, -0.95862]},
			"faces": {
				"north": {"uv": [0, 8, 16, 16], "texture": "#4"},
				"east": {"uv": [0, 8, 16, 16], "texture": "#4"},
				"up": {"uv": [0, 0, 16, 16], "texture": "#4"},
				"down": {"uv": [0, 0, 16, 16], "texture": "#4"}
			}
		},
		{
			"from": [5.01095, 9.71724, 11.04138],
			"to": [7.01095, 10.71724, 13.04138],
			"rotation": {"angle": 0, "axis": "y", "origin": [-0.98905, 1.71724, -0.95862]},
			"faces": {
				"south": {"uv": [0, 8, 16, 16], "texture": "#4"},
				"up": {"uv": [0, 0, 16, 16], "texture": "#4"},
				"down": {"uv": [0, 0, 16, 16], "texture": "#4"}
			}
		},
		{
			"from": [7.01095, 9.71724, 3.04138],
			"to": [9.01095, 10.71724, 5.04138],
			"rotation": {"angle": 0, "axis": "y", "origin": [-0.98905, 1.71724, -0.95862]},
			"faces": {
				"north": {"uv": [0, 8, 16, 16], "texture": "#4"},
				"south": {"uv": [0, 8, 16, 16], "texture": "#4"},
				"up": {"uv": [0, 0, 16, 16], "texture": "#4"},
				"down": {"uv": [0, 0, 16, 16], "texture": "#4"}
			}
		},
		{
			"from": [7.01095, 9.71724, 11.04138],
			"to": [9.01095, 10.71724, 13.04138],
			"rotation": {"angle": 0, "axis": "y", "origin": [-0.98905, 1.71724, -0.95862]},
			"faces": {
				"north": {"uv": [0, 8, 16, 16], "texture": "#4"},
				"south": {"uv": [0, 8, 16, 16], "texture": "#4"},
				"up": {"uv": [0, 0, 16, 16], "texture": "#4"},
				"down": {"uv": [0, 0, 16, 16], "texture": "#4"}
			}
		},
		{
			"from": [9.01095, 9.71724, 3.04138],
			"to": [11.01095, 10.71724, 5.04138],
			"rotation": {"angle": 0, "axis": "y", "origin": [-0.98905, 1.71724, -0.95862]},
			"faces": {
				"north": {"uv": [0, 8, 16, 16], "texture": "#4"},
				"up": {"uv": [0, 0, 16, 16], "texture": "#4"},
				"down": {"uv": [0, 0, 16, 16], "texture": "#4"}
			}
		},
		{
			"from": [9.01095, 9.71724, 5.04138],
			"to": [11.01095, 10.71724, 7.04138],
			"rotation": {"angle": 0, "axis": "y", "origin": [-0.98905, 1.71724, -0.95862]},
			"faces": {
				"south": {"uv": [0, 8, 16, 16], "texture": "#4"},
				"west": {"uv": [0, 8, 16, 16], "texture": "#4"},
				"up": {"uv": [0, 0, 16, 16], "texture": "#4"},
				"down": {"uv": [0, 0, 16, 16], "texture": "#4"}
			}
		},
		{
			"from": [9.01095, 9.71724, 9.04138],
			"to": [11.01095, 10.71724, 11.04138],
			"rotation": {"angle": 0, "axis": "y", "origin": [-0.98905, 1.71724, -0.95862]},
			"faces": {
				"north": {"uv": [0, 8, 16, 16], "texture": "#4"},
				"west": {"uv": [0, 8, 16, 16], "texture": "#4"},
				"up": {"uv": [0, 0, 16, 16], "texture": "#4"},
				"down": {"uv": [0, 0, 16, 16], "texture": "#4"}
			}
		},
		{
			"from": [9.01095, 9.71724, 11.04138],
			"to": [11.01095, 10.71724, 13.04138],
			"rotation": {"angle": 0, "axis": "y", "origin": [-0.98905, 1.71724, -0.95862]},
			"faces": {
				"east": {"uv": [0, 8, 16, 16], "texture": "#4"},
				"south": {"uv": [0, 8, 16, 16], "texture": "#4"},
				"up": {"uv": [0, 0, 16, 16], "texture": "#4"},
				"down": {"uv": [0, 0, 16, 16], "texture": "#4"}
			}
		},
		{
			"from": [11.01095, 9.71724, 3.04138],
			"to": [13.01095, 10.71724, 5.04138],
			"rotation": {"angle": 0, "axis": "y", "origin": [-0.98905, 1.71724, -0.95862]},
			"faces": {
				"north": {"uv": [0, 8, 16, 16], "texture": "#4"},
				"east": {"uv": [0, 8, 16, 16], "texture": "#4"},
				"up": {"uv": [0, 0, 16, 16], "texture": "#4"}
			}
		},
		{
			"from": [11.01095, 9.71724, 5.04138],
			"to": [13.01095, 10.71724, 7.04138],
			"rotation": {"angle": 0, "axis": "y", "origin": [-0.98905, 1.71724, -0.95862]},
			"faces": {
				"east": {"uv": [0, 8, 16, 16], "texture": "#4"},
				"up": {"uv": [0, 0, 16, 16], "texture": "#4"},
				"down": {"uv": [0, 0, 16, 16], "texture": "#4"}
			}
		},
		{
			"from": [11.01095, 9.71724, 7.04138],
			"to": [13.01095, 10.71724, 9.04138],
			"rotation": {"angle": 0, "axis": "y", "origin": [-0.98905, 1.71724, -0.95862]},
			"faces": {
				"east": {"uv": [0, 8, 16, 16], "texture": "#4"},
				"west": {"uv": [0, 8, 16, 16], "texture": "#4"},
				"up": {"uv": [0, 0, 16, 16], "texture": "#4"},
				"down": {"uv": [0, 0, 16, 16], "texture": "#4"}
			}
		},
		{
			"from": [11.01095, 9.71724, 9.04138],
			"to": [13.01095, 10.71724, 11.04138],
			"rotation": {"angle": 0, "axis": "y", "origin": [-0.98905, 1.71724, -0.95862]},
			"faces": {
				"east": {"uv": [0, 8, 16, 16], "texture": "#4"},
				"south": {"uv": [0, 8, 16, 16], "texture": "#4"},
				"up": {"uv": [0, 0, 16, 16], "texture": "#4"},
				"down": {"uv": [0, 0, 16, 16], "texture": "#4"}
			}
		},
		{
			"from": [12.63595, 9.71724, 11.04138],
			"to": [13.01095, 11.71724, 13.04138],
			"rotation": {"angle": 0, "axis": "y", "origin": [-0.98905, 1.71724, -0.95862]},
			"faces": {
				"north": {"uv": [0, 3, 16, 0], "rotation": 90, "texture": "#5"},
				"east": {"uv": [0, 16, 16, 0], "texture": "#5"},
				"south": {"uv": [0, 0, 16, 3], "rotation": 90, "texture": "#5"},
				"west": {"uv": [0, 16, 16, 0], "texture": "#5"},
				"up": {"uv": [0, 3, 16, 0], "rotation": 270, "texture": "#5"},
				"down": {"uv": [0, 0, 16, 3], "rotation": 90, "texture": "#5"}
			}
		},
		{
			"from": [1.01095, 11.71724, 1.04138],
			"to": [3.01095, 12.71724, 3.04138],
			"rotation": {"angle": 0, "axis": "y", "origin": [-0.98905, 1.71724, -0.95862]},
			"faces": {
				"north": {"uv": [0, 8, 16, 16], "texture": "#0"},
				"east": {"uv": [0, 8, 16, 16], "texture": "#0"},
				"south": {"uv": [0, 8, 16, 16], "texture": "#0"},
				"west": {"uv": [0, 8, 16, 16], "texture": "#0"},
				"up": {"uv": [0, 0, 16, 16], "texture": "#0"},
				"down": {"uv": [0, 0, 16, 16], "texture": "#0"}
			}
		},
		{
			"from": [1.01095, 11.71724, 5.04138],
			"to": [3.01095, 12.71724, 7.04138],
			"rotation": {"angle": 0, "axis": "y", "origin": [-0.98905, 1.71724, -0.95862]},
			"faces": {
				"north": {"uv": [0, 8, 16, 16], "texture": "#0"},
				"east": {"uv": [0, 8, 16, 16], "texture": "#0"},
				"south": {"uv": [0, 8, 16, 16], "texture": "#0"},
				"west": {"uv": [0, 8, 16, 16], "texture": "#0"},
				"up": {"uv": [0, 0, 16, 16], "texture": "#0"},
				"down": {"uv": [0, 0, 16, 16], "texture": "#0"}
			}
		},
		{
			"from": [1.01095, 11.71724, 9.04138],
			"to": [3.01095, 12.71724, 11.04138],
			"rotation": {"angle": 0, "axis": "y", "origin": [-0.98905, 1.71724, -0.95862]},
			"faces": {
				"north": {"uv": [0, 8, 16, 16], "texture": "#0"},
				"east": {"uv": [0, 8, 16, 16], "texture": "#0"},
				"south": {"uv": [0, 8, 16, 16], "texture": "#0"},
				"west": {"uv": [0, 8, 16, 16], "texture": "#0"},
				"up": {"uv": [0, 0, 16, 16], "texture": "#0"},
				"down": {"uv": [0, 0, 16, 16], "texture": "#0"}
			}
		},
		{
			"from": [1.01095, 11.71724, 13.04138],
			"to": [3.01095, 12.71724, 15.04138],
			"rotation": {"angle": 0, "axis": "y", "origin": [-0.98905, 1.71724, -0.95862]},
			"faces": {
				"north": {"uv": [0, 8, 16, 16], "texture": "#0"},
				"east": {"uv": [0, 8, 16, 16], "texture": "#0"},
				"south": {"uv": [0, 8, 16, 16], "texture": "#0"},
				"west": {"uv": [0, 8, 16, 16], "texture": "#0"},
				"up": {"uv": [0, 0, 16, 16], "texture": "#0"},
				"down": {"uv": [0, 0, 16, 16], "texture": "#0"}
			}
		},
		{
			"from": [5.01095, 11.71724, 1.04138],
			"to": [7.01095, 12.71724, 3.04138],
			"rotation": {"angle": 0, "axis": "y", "origin": [-0.98905, 1.71724, -0.95862]},
			"faces": {
				"north": {"uv": [0, 8, 16, 16], "texture": "#0"},
				"east": {"uv": [0, 8, 16, 16], "texture": "#0"},
				"south": {"uv": [0, 8, 16, 16], "texture": "#0"},
				"west": {"uv": [0, 8, 16, 16], "texture": "#0"},
				"up": {"uv": [0, 0, 16, 16], "texture": "#0"},
				"down": {"uv": [0, 0, 16, 16], "texture": "#0"}
			}
		},
		{
			"from": [5.01095, 11.71724, 13.04138],
			"to": [7.01095, 12.71724, 15.04138],
			"rotation": {"angle": 0, "axis": "y", "origin": [-0.98905, 1.71724, -0.95862]},
			"faces": {
				"north": {"uv": [0, 8, 16, 16], "texture": "#0"},
				"east": {"uv": [0, 8, 16, 16], "texture": "#0"},
				"south": {"uv": [0, 8, 16, 16], "texture": "#0"},
				"west": {"uv": [0, 8, 16, 16], "texture": "#0"},
				"up": {"uv": [0, 0, 16, 16], "texture": "#0"},
				"down": {"uv": [0, 0, 16, 16], "texture": "#0"}
			}
		},
		{
			"from": [9.01095, 11.71724, 1.04138],
			"to": [11.01095, 12.71724, 3.04138],
			"rotation": {"angle": 0, "axis": "y", "origin": [-0.98905, 1.71724, -0.95862]},
			"faces": {
				"north": {"uv": [0, 8, 16, 16], "texture": "#0"},
				"east": {"uv": [0, 8, 16, 16], "texture": "#0"},
				"south": {"uv": [0, 8, 16, 16], "texture": "#0"},
				"west": {"uv": [0, 8, 16, 16], "texture": "#0"},
				"up": {"uv": [0, 0, 16, 16], "texture": "#0"},
				"down": {"uv": [0, 0, 16, 16], "texture": "#0"}
			}
		},
		{
			"from": [9.01095, 11.71724, 13.04138],
			"to": [11.01095, 12.71724, 15.04138],
			"rotation": {"angle": 0, "axis": "y", "origin": [-0.98905, 1.71724, -0.95862]},
			"faces": {
				"north": {"uv": [0, 8, 16, 16], "texture": "#0"},
				"east": {"uv": [0, 8, 16, 16], "texture": "#0"},
				"south": {"uv": [0, 8, 16, 16], "texture": "#0"},
				"west": {"uv": [0, 8, 16, 16], "texture": "#0"},
				"up": {"uv": [0, 0, 16, 16], "texture": "#0"},
				"down": {"uv": [0, 0, 16, 16], "texture": "#0"}
			}
		},
		{
			"from": [13.01095, 11.71724, 1.04138],
			"to": [15.01095, 12.71724, 3.04138],
			"rotation": {"angle": 0, "axis": "y", "origin": [-0.98905, 1.71724, -0.95862]},
			"faces": {
				"north": {"uv": [0, 8, 16, 16], "texture": "#0"},
				"east": {"uv": [0, 8, 16, 16], "texture": "#0"},
				"south": {"uv": [0, 8, 16, 16], "texture": "#0"},
				"west": {"uv": [0, 8, 16, 16], "texture": "#0"},
				"up": {"uv": [0, 0, 16, 16], "texture": "#0"},
				"down": {"uv": [0, 0, 16, 16], "texture": "#0"}
			}
		},
		{
			"from": [13.01095, 11.71724, 5.04138],
			"to": [15.01095, 12.71724, 7.04138],
			"rotation": {"angle": 0, "axis": "y", "origin": [-0.98905, 1.71724, -0.95862]},
			"faces": {
				"north": {"uv": [0, 8, 16, 16], "texture": "#0"},
				"east": {"uv": [0, 8, 16, 16], "texture": "#0"},
				"south": {"uv": [0, 8, 16, 16], "texture": "#0"},
				"west": {"uv": [0, 8, 16, 16], "texture": "#0"},
				"up": {"uv": [0, 0, 16, 16], "texture": "#0"},
				"down": {"uv": [0, 0, 16, 16], "texture": "#0"}
			}
		},
		{
			"from": [13.01095, 11.71724, 9.04138],
			"to": [15.01095, 12.71724, 11.04138],
			"rotation": {"angle": 0, "axis": "y", "origin": [-0.98905, 1.71724, -0.95862]},
			"faces": {
				"north": {"uv": [0, 8, 16, 16], "texture": "#0"},
				"east": {"uv": [0, 8, 16, 16], "texture": "#0"},
				"south": {"uv": [0, 8, 16, 16], "texture": "#0"},
				"west": {"uv": [0, 8, 16, 16], "texture": "#0"},
				"up": {"uv": [0, 0, 16, 16], "texture": "#0"},
				"down": {"uv": [0, 0, 16, 16], "texture": "#0"}
			}
		},
		{
			"from": [13.01095, 11.71724, 13.04138],
			"to": [15.01095, 12.71724, 15.04138],
			"rotation": {"angle": 0, "axis": "y", "origin": [-0.98905, 1.71724, -0.95862]},
			"faces": {
				"north": {"uv": [0, 8, 16, 16], "texture": "#0"},
				"east": {"uv": [0, 8, 16, 16], "texture": "#0"},
				"south": {"uv": [0, 8, 16, 16], "texture": "#0"},
				"west": {"uv": [0, 8, 16, 16], "texture": "#0"},
				"up": {"uv": [0, 0, 16, 16], "texture": "#0"},
				"down": {"uv": [0, 0, 16, 16], "texture": "#0"}
			}
		}
	],
	"display": {
		"thirdperson_righthand": {
			"scale": [0.5, 0.5, 0.5]
		},
		"firstperson_righthand": {
			"scale": [0.5, 0.5, 0.5]
		},
		"firstperson_lefthand": {
			"scale": [0.5, 0.5, 0.5]
		},
		"ground": {
			"translation": [0, 3.5, 0],
			"scale": [0.5, 0.5, 0.5]
		},
		"gui": {
			"rotation": [23, 135, 0],
			"translation": [0, 0.5, 0],
			"scale": [0.78, 0.9, 0.78]
		},
		"head": {
			"rotation": [0, -45, 0],
			"translation": [0, 2.75, 0],
			"scale": [1.5, 1.5, 1.5]
		},
		"fixed": {
			"rotation": [0, -45, 0]
		}
	}
}